Order_ID,Order_Date,Product,Category,Quantity,Price,Discount,Customer_ID,Region,Payment_Mode,Revenue
ORD00001,2025-11-24,Monitor,Electronics,2,14792.72,0.2,CUST1007,East,Credit Card,23668.35
ORD00002,2025-04-25,Keyboard,Electronics,2,1871.64,0.1,CUST1189,North,Net Banking,3368.95
ORD00003,2025-02-14,Mixer Grinder,Home Appliances,1,4004.29,0.2,CUST1009,North,UPI,3203.43
ORD00004,2025-04-22,Bookshelf,Furniture,5,6101.63,0.1,CUST1130,North,Net Banking,27457.34
ORD00005,2025-04-12,Wallet,Accessories,5,1224.2,0.05,CUST1108,South,Cash,5814.95
ORD00006,2025-10-29,Running Shoes,Fashion,1,3265.81,0.05,CUST1208,North,Credit Card,3102.52
ORD00007,2025-12-24,Mixer Grinder,Home Appliances,1,4497.29,0.05,CUST1088,East,Credit Card,4272.43
ORD00008,2025-04-21,Jeans,Fashion,2,1723.52,0.0,CUST1027,North,Cash,3447.04
ORD00009,2025-02-19,Jacket,Fashion,2,3227.88,0.0,CUST1217,East,Net Banking,6455.76
ORD00010,2025-05-16,Smartphone,Electronics,1,27263.16,0.2,CUST1187,West,Net Banking,21810.53
ORD00011,2025-03-05,Coffee Maker,Home Appliances,2,5230.08,0.05,CUST1021,East,Net Banking,9937.15
ORD00012,2025-07-05,Desk,Furniture,3,11819.45,0.15,CUST1181,North,UPI,30139.6
ORD00013,2025-12-05,Bookshelf,Furniture,1,6810.55,0.05,CUST1198,East,UPI,6470.02
ORD00014,2025-04-30,Monitor,Electronics,5,15107.03,0.0,CUST1098,East,Cash,75535.15
ORD00015,2025-11-22,Jacket,Fashion,1,2998.3,0.2,CUST1042,East,Debit Card,2398.64
ORD00016,2025-04-18,Running Shoes,Fashion,4,3344.53,0.0,CUST1180,North,Net Banking,13378.12
ORD00017,2025-11-22,Office Chair,Furniture,2,9114.83,0.15,CUST1137,South,Credit Card,15495.21
ORD00018,2025-08-25,Coffee Maker,Home Appliances,1,5781.93,0.0,CUST1070,South,Debit Card,5781.93
ORD00019,2025-01-29,Bookshelf,Furniture,2,6140.23,0.05,CUST1211,North,Debit Card,11666.44
ORD00020,2025-07-25,Running Shoes,Fashion,4,3486.08,0.05,CUST1017,South,Net Banking,13247.1
ORD00021,2025-06-11,Desk,Furniture,4,12051.32,0.05,CUST1168,West,Cash,45795.02
ORD00022,2025-11-26,Air Fryer,Home Appliances,2,6931.59,0.0,CUST1037,East,Credit Card,13863.18
ORD00023,2025-05-07,Wallet,Accessories,1,1235.25,0.15,CUST1138,East,Net Banking,1049.96
ORD00024,2025-08-08,Coffee Maker,Home Appliances,1,5544.06,0.05,CUST1093,South,Credit Card,5266.86
ORD00025,2025-09-18,Backpack,Accessories,4,1723.91,0.0,CUST1024,North,UPI,6895.64
ORD00026,2025-03-20,Office Chair,Furniture,1,8893.29,0.0,CUST1203,West,Net Banking,8893.29
ORD00027,2025-02-02,Coffee Maker,Home Appliances,3,5853.23,0.2,CUST1098,West,Net Banking,14047.75
ORD00028,2025-05-09,Wallet,Accessories,5,1281.94,0.15,CUST1221,North,UPI,5448.25
ORD00029,2025-12-16,Wallet,Accessories,1,1151.28,0.15,CUST1193,East,Debit Card,978.59
ORD00030,2025-02-27,T-Shirt,Fashion,5,880.92,0.1,CUST1112,South,Cash,3964.14
ORD00031,2025-01-02,Running Shoes,Fashion,2,3397.46,0.0,CUST1249,South,Net Banking,6794.92
ORD00032,2025-02-24,T-Shirt,Fashion,2,967.31,0.05,CUST1216,South,Credit Card,1837.89
ORD00033,2025-07-11,Office Chair,Furniture,2,8256.9,0.2,CUST1139,North,Net Banking,13211.04
ORD00034,2025-06-15,Backpack,Accessories,1,1718.62,0.2,CUST1005,North,Debit Card,1374.9
ORD00035,2025-06-07,Bookshelf,Furniture,1,6457.82,0.05,CUST1015,South,Net Banking,6134.93
ORD00036,2025-02-10,Headphones,Electronics,4,2435.06,0.05,CUST1188,West,UPI,9253.23
ORD00037,2025-09-30,Keyboard,Electronics,5,1727.69,0.05,CUST1033,West,Net Banking,8206.53
ORD00038,2025-03-26,Running Shoes,Fashion,1,3669.84,0.1,CUST1136,West,Credit Card,3302.86
ORD00039,2025-10-04,Desk,Furniture,1,12827.34,0.0,CUST1183,East,Cash,12827.34
ORD00040,2025-12-10,Jacket,Fashion,1,3415.18,0.05,CUST1113,West,UPI,3244.42
ORD00041,2025-05-07,Bookshelf,Furniture,5,6367.63,0.2,CUST1017,East,UPI,25470.52
ORD00042,2025-10-29,Wallet,Accessories,5,1171.98,0.1,CUST1059,South,UPI,5273.91
ORD00043,2025-02-06,Smartphone,Electronics,5,29104.35,0.15,CUST1059,North,UPI,123693.49
ORD00044,2025-06-19,Headphones,Electronics,1,2657.7,0.05,CUST1132,South,Debit Card,2524.81
ORD00045,2025-12-09,Backpack,Accessories,3,1706.29,0.05,CUST1055,South,Net Banking,4862.93
ORD00046,2025-10-23,Backpack,Accessories,1,1879.41,0.2,CUST1063,West,Cash,1503.53
ORD00047,2025-04-08,Monitor,Electronics,4,15684.68,0.05,CUST1025,West,Debit Card,59601.78
ORD00048,2025-08-05,Mixer Grinder,Home Appliances,4,4235.32,0.0,CUST1120,North,UPI,16941.28
ORD00049,2025-02-01,Coffee Maker,Home Appliances,2,5135.97,0.05,CUST1187,East,UPI,9758.34
ORD00050,2025-05-08,Desk,Furniture,4,11216.57,0.0,CUST1049,West,Credit Card,44866.28
ORD00051,2025-08-05,Office Chair,Furniture,5,8305.8,0.05,CUST1072,West,Credit Card,39452.55
ORD00052,2025-02-08,Air Fryer,Home Appliances,4,6929.88,0.2,CUST1207,North,UPI,22175.62
ORD00053,2025-11-30,Wallet,Accessories,1,1189.87,0.1,CUST1215,North,UPI,1070.88
ORD00054,2025-05-02,Office Chair,Furniture,5,8196.72,0.2,CUST1105,West,Cash,32786.88
ORD00055,2025-04-20,Coffee Maker,Home Appliances,3,5354.04,0.05,CUST1232,North,Credit Card,15259.01
ORD00056,2025-07-14,Laptop,Electronics,2,69514.55,0.15,CUST1100,East,Cash,118174.74
ORD00057,2025-05-27,Mixer Grinder,Home Appliances,3,4305.04,0.05,CUST1179,West,Credit Card,12269.36
ORD00058,2025-04-08,T-Shirt,Fashion,2,945.5,0.05,CUST1056,North,Net Banking,1796.45
ORD00059,2025-10-05,Smartphone,Electronics,1,29788.75,0.0,CUST1192,East,UPI,29788.75
ORD00060,2025-01-26,Backpack,Accessories,1,1706.96,0.2,CUST1129,South,UPI,1365.57
ORD00061,2025-09-18,Headphones,Electronics,1,2665.06,0.0,CUST1218,South,UPI,2665.06
ORD00062,2025-11-01,Headphones,Electronics,1,2567.88,0.05,CUST1173,South,Cash,2439.49
ORD00063,2025-03-03,Bookshelf,Furniture,1,6388.75,0.2,CUST1149,North,Net Banking,5111.0
ORD00064,2025-02-11,Mixer Grinder,Home Appliances,1,4009.73,0.0,CUST1169,East,Debit Card,4009.73
ORD00065,2025-04-15,Jeans,Fashion,1,1804.9,0.05,CUST1062,East,Cash,1714.65
ORD00066,2025-03-09,T-Shirt,Fashion,5,873.37,0.2,CUST1118,East,UPI,3493.48
ORD00067,2025-01-05,Air Fryer,Home Appliances,5,6209.08,0.0,CUST1160,North,UPI,31045.4
ORD00068,2025-10-03,Desk,Furniture,3,11886.91,0.0,CUST1130,East,Credit Card,35660.73
ORD00069,2025-06-28,Headphones,Electronics,2,2420.22,0.15,CUST1226,South,Debit Card,4114.37
ORD00070,2025-05-26,Office Chair,Furniture,1,8792.79,0.0,CUST1113,East,Net Banking,8792.79
ORD00071,2025-12-01,Watch,Accessories,5,4284.96,0.0,CUST1003,East,UPI,21424.8
ORD00072,2025-03-10,Running Shoes,Fashion,1,3395.06,0.0,CUST1030,North,Net Banking,3395.06
ORD00073,2025-03-21,Running Shoes,Fashion,4,3470.79,0.1,CUST1073,South,Debit Card,12494.84
ORD00074,2025-04-15,Running Shoes,Fashion,1,3436.16,0.05,CUST1130,West,Debit Card,3264.35
ORD00075,2025-01-27,Headphones,Electronics,2,2580.26,0.05,CUST1163,West,Debit Card,4902.49
ORD00076,2025-01-23,Laptop,Electronics,3,64815.89,0.2,CUST1086,South,Debit Card,155558.14
ORD00077,2025-03-24,Air Fryer,Home Appliances,1,6700.33,0.05,CUST1142,West,Net Banking,6365.31
ORD00078,2025-01-05,Monitor,Electronics,3,14494.86,0.1,CUST1020,South,Net Banking,39136.12
ORD00079,2025-01-19,Jacket,Fashion,3,3279.51,0.15,CUST1150,South,Cash,8362.75
ORD00080,2025-03-07,Smartphone,Electronics,5,28290.25,0.0,CUST1079,East,UPI,141451.25
ORD00081,2025-07-03,Desk,Furniture,1,11431.29,0.15,CUST1175,South,UPI,9716.6
ORD00082,2025-07-01,Wallet,Accessories,1,1241.25,0.05,CUST1227,West,Net Banking,1179.19
ORD00083,2025-03-21,Bookshelf,Furniture,2,6362.81,0.05,CUST1222,South,Credit Card,12089.34
ORD00084,2025-07-31,Laptop,Electronics,4,67383.71,0.05,CUST1046,East,Cash,256058.1
ORD00085,2025-12-09,Bookshelf,Furniture,4,6384.95,0.05,CUST1069,South,UPI,24262.81
ORD00086,2025-07-15,Smartphone,Electronics,5,29990.2,0.2,CUST1220,West,Credit Card,119960.8
ORD00087,2025-04-13,Air Fryer,Home Appliances,1,6958.31,0.05,CUST1090,East,Credit Card,6610.39
ORD00088,2025-04-25,Laptop,Electronics,1,63775.4,0.0,CUST1169,South,Cash,63775.4
ORD00089,2025-06-18,Running Shoes,Fashion,3,3740.46,0.0,CUST1222,North,Debit Card,11221.38
ORD00090,2025-06-29,Watch,Accessories,2,4359.11,0.0,CUST1103,East,UPI,8718.22
ORD00091,2025-03-01,Running Shoes,Fashion,2,3770.64,0.05,CUST1046,East,UPI,7164.22
ORD00092,2025-02-25,Mixer Grinder,Home Appliances,1,4070.32,0.15,CUST1089,East,Cash,3459.77
ORD00093,2025-11-07,Watch,Accessories,2,4790.62,0.05,CUST1030,West,Net Banking,9102.18
ORD00094,2025-04-08,Running Shoes,Fashion,1,3354.07,0.05,CUST1012,West,UPI,3186.37
ORD00095,2025-09-24,Wallet,Accessories,5,1242.06,0.05,CUST1176,South,Debit Card,5899.78
ORD00096,2025-08-09,Headphones,Electronics,3,2646.12,0.0,CUST1243,East,Net Banking,7938.36
ORD00097,2025-06-10,Monitor,Electronics,1,15394.57,0.0,CUST1185,East,Net Banking,15394.57
ORD00098,2025-06-08,Mixer Grinder,Home Appliances,3,4007.83,0.05,CUST1084,West,Debit Card,11422.32
ORD00099,2025-10-11,Keyboard,Electronics,5,1830.79,0.15,CUST1050,West,Cash,7780.86
ORD00100,2025-12-13,Office Chair,Furniture,1,9103.67,0.1,CUST1158,East,Cash,8193.3
ORD00101,2025-10-08,Laptop,Electronics,3,63218.23,0.0,CUST1078,East,Credit Card,189654.69
ORD00102,2025-08-09,Jeans,Fashion,1,1805.12,0.1,CUST1120,West,Cash,1624.61
ORD00103,2025-12-12,Desk,Furniture,1,11563.68,0.05,CUST1131,West,Credit Card,10985.5
ORD00104,2025-12-04,Headphones,Electronics,2,2413.97,0.05,CUST1073,East,UPI,4586.54
ORD00105,2025-05-01,T-Shirt,Fashion,5,886.47,0.2,CUST1058,South,Credit Card,3545.88
ORD00106,2025-01-13,Smartphone,Electronics,5,29067.95,0.0,CUST1063,West,Net Banking,145339.75
ORD00107,2025-02-07,Air Fryer,Home Appliances,1,6573.98,0.05,CUST1107,South,Cash,6245.28
ORD00108,2025-09-11,Coffee Maker,Home Appliances,3,5639.97,0.15,CUST1063,South,UPI,14381.92
ORD00109,2025-02-24,Mixer Grinder,Home Appliances,3,4277.62,0.1,CUST1057,South,Net Banking,11549.57
ORD00110,2025-08-26,Smartphone,Electronics,5,28084.32,0.05,CUST1143,South,UPI,133400.52
ORD00111,2025-08-22,Keyboard,Electronics,2,1791.29,0.15,CUST1206,West,Net Banking,3045.19
ORD00112,2025-10-14,Jeans,Fashion,4,1848.18,0.0,CUST1244,West,Net Banking,7392.72
ORD00113,2025-09-16,Mixer Grinder,Home Appliances,2,4029.0,0.05,CUST1213,West,Credit Card,7655.1
ORD00114,2025-09-01,Air Fryer,Home Appliances,5,6602.7,0.0,CUST1067,South,Debit Card,33013.5
ORD00115,2025-09-24,Backpack,Accessories,2,1685.77,0.05,CUST1161,South,Debit Card,3202.96
ORD00116,2025-08-14,Headphones,Electronics,3,2501.23,0.1,CUST1183,East,Credit Card,6753.32
ORD00117,2025-05-20,Jeans,Fashion,2,1912.54,0.0,CUST1082,North,Credit Card,3825.08
ORD00118,2025-03-19,Bookshelf,Furniture,2,6974.25,0.0,CUST1099,South,Credit Card,13948.5
ORD00119,2025-02-02,Mixer Grinder,Home Appliances,4,4254.24,0.05,CUST1105,East,Net Banking,16166.11
ORD00120,2025-08-27,Mixer Grinder,Home Appliances,2,4523.61,0.2,CUST1016,South,Cash,7237.78
ORD00121,2025-07-19,Laptop,Electronics,5,63430.55,0.2,CUST1220,West,Cash,253722.2
ORD00122,2025-01-04,Jacket,Fashion,1,3104.87,0.0,CUST1077,West,Cash,3104.87
ORD00123,2025-10-03,Wallet,Accessories,4,1216.22,0.15,CUST1205,South,Cash,4135.15
ORD00124,2025-04-23,Running Shoes,Fashion,5,3620.42,0.15,CUST1112,West,UPI,15386.78
ORD00125,2025-07-19,Jeans,Fashion,5,1700.24,0.2,CUST1172,West,Credit Card,6800.96
ORD00126,2025-08-28,Keyboard,Electronics,1,1941.31,0.2,CUST1160,North,Cash,1553.05
ORD00127,2025-10-31,Laptop,Electronics,1,65503.71,0.0,CUST1022,West,Credit Card,65503.71
ORD00128,2025-08-25,Office Chair,Furniture,1,8849.48,0.0,CUST1013,East,Cash,8849.48
ORD00129,2025-06-17,Desk,Furniture,5,12424.47,0.2,CUST1117,East,Debit Card,49697.88
ORD00130,2025-07-14,Running Shoes,Fashion,4,3409.14,0.0,CUST1193,West,Debit Card,13636.56
ORD00131,2025-02-11,Backpack,Accessories,1,1892.73,0.1,CUST1005,North,Debit Card,1703.46
ORD00132,2025-04-25,Headphones,Electronics,4,2355.6,0.0,CUST1200,North,UPI,9422.4
ORD00133,2025-05-07,Desk,Furniture,2,12290.21,0.0,CUST1215,North,Net Banking,24580.42
ORD00134,2025-03-20,Bookshelf,Furniture,3,6114.17,0.15,CUST1033,West,UPI,15591.13
ORD00135,2025-10-16,Desk,Furniture,4,12762.01,0.2,CUST1120,East,Debit Card,40838.43
ORD00136,2025-03-27,Monitor,Electronics,1,14795.06,0.2,CUST1200,South,Debit Card,11836.05
ORD00137,2025-02-25,Laptop,Electronics,1,67002.25,0.0,CUST1238,East,Net Banking,67002.25
ORD00138,2025-12-13,Coffee Maker,Home Appliances,3,5242.91,0.1,CUST1102,South,UPI,14155.86
ORD00139,2025-10-31,Bookshelf,Furniture,1,6862.96,0.15,CUST1027,East,Net Banking,5833.52
ORD00140,2025-03-03,Smartphone,Electronics,1,27091.06,0.15,CUST1089,West,Debit Card,23027.4
ORD00141,2025-02-05,Watch,Accessories,1,4389.7,0.05,CUST1166,East,UPI,4170.21
ORD00142,2025-08-04,Backpack,Accessories,5,1762.2,0.1,CUST1028,West,Debit Card,7929.9
ORD00143,2025-11-22,Air Fryer,Home Appliances,2,6309.75,0.1,CUST1182,South,Cash,11357.55
ORD00144,2025-04-01,Watch,Accessories,3,4493.65,0.1,CUST1248,East,Net Banking,12132.85
ORD00145,2025-10-03,Backpack,Accessories,3,1726.48,0.2,CUST1120,West,Net Banking,4143.55
ORD00146,2025-05-18,Jeans,Fashion,5,1862.87,0.05,CUST1219,South,UPI,8848.63
ORD00147,2025-05-23,Air Fryer,Home Appliances,1,6174.43,0.05,CUST1063,West,Net Banking,5865.71
ORD00148,2025-11-09,Coffee Maker,Home Appliances,1,5704.54,0.0,CUST1087,North,Cash,5704.54
ORD00149,2025-06-16,Office Chair,Furniture,1,8413.5,0.05,CUST1125,South,Debit Card,7992.82
ORD00150,2025-05-13,Jeans,Fashion,1,1874.89,0.1,CUST1072,East,Net Banking,1687.4
ORD00151,2025-01-06,Watch,Accessories,3,4309.43,0.2,CUST1243,South,UPI,10342.63
ORD00152,2025-05-04,Mixer Grinder,Home Appliances,2,4175.84,0.1,CUST1126,South,Cash,7516.51
ORD00153,2025-11-27,Backpack,Accessories,1,1689.71,0.0,CUST1115,North,UPI,1689.71
ORD00154,2025-05-31,Bookshelf,Furniture,5,6476.29,0.15,CUST1104,South,Debit Card,27524.23
ORD00155,2025-12-06,Jacket,Fashion,1,3021.06,0.1,CUST1122,East,Cash,2718.95
ORD00156,2025-10-09,Jeans,Fashion,5,1749.58,0.1,CUST1091,West,Debit Card,7873.11
ORD00157,2025-06-06,Running Shoes,Fashion,4,3642.4,0.1,CUST1060,North,Credit Card,13112.64
ORD00158,2025-06-11,Monitor,Electronics,4,15326.37,0.05,CUST1191,South,Credit Card,58240.21
ORD00159,2025-04-21,Backpack,Accessories,5,1740.89,0.05,CUST1071,East,UPI,8269.23
ORD00160,2025-04-10,T-Shirt,Fashion,1,939.31,0.1,CUST1059,East,Credit Card,845.38
ORD00161,2025-06-04,Laptop,Electronics,2,61581.71,0.2,CUST1182,South,Debit Card,98530.74
ORD00162,2025-01-24,Smartphone,Electronics,3,26211.06,0.15,CUST1142,East,Credit Card,66838.2
ORD00163,2025-11-23,Backpack,Accessories,2,1863.99,0.0,CUST1027,North,Net Banking,3727.98
ORD00164,2025-05-26,Backpack,Accessories,2,1880.11,0.2,CUST1123,West,Debit Card,3008.18
ORD00165,2025-04-05,Smartphone,Electronics,3,27494.48,0.15,CUST1065,West,UPI,70110.92
ORD00166,2025-02-03,Coffee Maker,Home Appliances,1,5651.06,0.0,CUST1126,North,Net Banking,5651.06
ORD00167,2025-11-19,Smartphone,Electronics,2,30026.41,0.0,CUST1039,South,Net Banking,60052.82
ORD00168,2025-06-05,Headphones,Electronics,1,2422.84,0.0,CUST1064,North,Net Banking,2422.84
ORD00169,2025-08-02,Bookshelf,Furniture,5,6955.1,0.0,CUST1199,West,Cash,34775.5
ORD00170,2025-08-15,T-Shirt,Fashion,2,909.82,0.05,CUST1221,West,Debit Card,1728.66
ORD00171,2025-10-19,Smartphone,Electronics,5,28626.57,0.2,CUST1157,North,Credit Card,114506.28
ORD00172,2025-11-17,Desk,Furniture,2,12859.65,0.05,CUST1068,North,Credit Card,24433.33
ORD00173,2025-05-03,Office Chair,Furniture,2,8926.21,0.0,CUST1142,North,Credit Card,17852.42
ORD00174,2025-01-02,Mixer Grinder,Home Appliances,1,4267.22,0.0,CUST1116,West,Debit Card,4267.22
ORD00175,2025-01-17,Bookshelf,Furniture,1,6835.92,0.1,CUST1074,East,Cash,6152.33
ORD00176,2025-02-06,Bookshelf,Furniture,1,6655.29,0.0,CUST1237,East,Net Banking,6655.29
ORD00177,2025-12-05,Desk,Furniture,1,12332.67,0.05,CUST1109,North,Net Banking,11716.04
ORD00178,2025-04-26,Keyboard,Electronics,2,1747.97,0.2,CUST1233,East,Credit Card,2796.75
ORD00179,2025-02-06,Smartphone,Electronics,2,27624.49,0.05,CUST1043,East,Net Banking,52486.53
ORD00180,2025-10-19,T-Shirt,Fashion,4,920.46,0.0,CUST1113,North,Cash,3681.84
ORD00181,2025-12-19,T-Shirt,Fashion,2,925.52,0.0,CUST1180,West,Debit Card,1851.04
ORD00182,2025-09-14,Wallet,Accessories,3,1238.69,0.0,CUST1127,West,UPI,3716.07
ORD00183,2025-11-03,Smartphone,Electronics,4,27134.92,0.05,CUST1228,West,Debit Card,103112.7
ORD00184,2025-11-06,Running Shoes,Fashion,1,3618.77,0.1,CUST1007,North,Credit Card,3256.89
ORD00185,2025-12-12,Laptop,Electronics,5,69582.32,0.05,CUST1196,East,Net Banking,330516.02
ORD00186,2025-01-21,Office Chair,Furniture,2,8437.88,0.0,CUST1121,West,Debit Card,16875.76
ORD00187,2025-04-03,Mixer Grinder,Home Appliances,2,4251.22,0.0,CUST1163,West,UPI,8502.44
ORD00188,2025-08-29,Jacket,Fashion,1,3248.89,0.0,CUST1105,East,Debit Card,3248.89
ORD00189,2025-12-10,Monitor,Electronics,2,15596.21,0.0,CUST1220,South,Debit Card,31192.42
ORD00190,2025-07-30,Backpack,Accessories,5,1741.5,0.2,CUST1074,West,Net Banking,6966.0
ORD00191,2025-01-19,Air Fryer,Home Appliances,2,6952.49,0.05,CUST1023,East,Debit Card,13209.73
ORD00192,2025-06-15,Monitor,Electronics,2,14915.24,0.2,CUST1249,West,Net Banking,23864.38
ORD00193,2025-01-01,Wallet,Accessories,1,1251.82,0.15,CUST1119,West,UPI,1064.05
ORD00194,2025-04-07,Watch,Accessories,3,4794.22,0.05,CUST1093,West,Cash,13663.53
ORD00195,2025-01-27,Desk,Furniture,3,12647.62,0.1,CUST1069,South,Debit Card,34148.57
ORD00196,2025-08-13,Backpack,Accessories,1,1915.79,0.05,CUST1032,North,Net Banking,1820.0
ORD00197,2025-05-03,Office Chair,Furniture,1,7918.82,0.05,CUST1080,North,Net Banking,7522.88
ORD00198,2025-07-28,Headphones,Electronics,4,2359.23,0.05,CUST1058,North,Cash,8965.07
ORD00199,2025-03-02,Keyboard,Electronics,5,1930.52,0.05,CUST1128,East,Net Banking,9169.97
ORD00200,2025-12-28,Running Shoes,Fashion,4,3556.05,0.1,CUST1107,West,Cash,12801.78
ORD00201,2025-05-05,Air Fryer,Home Appliances,2,6134.41,0.0,CUST1142,South,Cash,12268.82
ORD00202,2025-04-08,Watch,Accessories,2,4558.75,0.05,CUST1192,South,UPI,8661.62
ORD00203,2025-05-22,Mixer Grinder,Home Appliances,5,4502.1,0.0,CUST1088,East,UPI,22510.5
ORD00204,2025-05-25,T-Shirt,Fashion,2,852.32,0.0,CUST1215,West,Credit Card,1704.64
ORD00205,2025-08-17,Wallet,Accessories,3,1291.36,0.2,CUST1124,East,Debit Card,3099.26
ORD00206,2025-10-10,Wallet,Accessories,1,1126.06,0.2,CUST1097,West,Debit Card,900.85
ORD00207,2025-04-07,Bookshelf,Furniture,1,6577.27,0.0,CUST1147,West,Credit Card,6577.27
ORD00208,2025-07-30,Smartphone,Electronics,1,30108.34,0.0,CUST1082,West,Cash,30108.34
ORD00209,2025-07-17,Keyboard,Electronics,1,1899.98,0.1,CUST1127,North,Credit Card,1709.98
ORD00210,2025-09-15,Jeans,Fashion,3,1900.39,0.1,CUST1223,North,Cash,5131.05
ORD00211,2025-02-21,Watch,Accessories,1,4335.24,0.0,CUST1234,West,UPI,4335.24
ORD00212,2025-03-15,Mixer Grinder,Home Appliances,1,4467.9,0.1,CUST1223,South,UPI,4021.11
ORD00213,2025-08-29,Running Shoes,Fashion,3,3524.5,0.05,CUST1087,West,UPI,10044.82
ORD00214,2025-06-18,Wallet,Accessories,2,1220.63,0.0,CUST1098,East,Cash,2441.26
ORD00215,2025-10-05,Smartphone,Electronics,1,29737.51,0.2,CUST1159,North,Credit Card,23790.01
ORD00216,2025-11-20,T-Shirt,Fashion,2,959.54,0.05,CUST1059,North,Cash,1823.13
ORD00217,2025-02-20,Monitor,Electronics,2,14737.99,0.2,CUST1114,South,Debit Card,23580.78
ORD00218,2025-01-15,Smartphone,Electronics,2,28063.0,0.15,CUST1084,North,Debit Card,47707.1
ORD00219,2025-07-03,Jacket,Fashion,1,3314.44,0.0,CUST1111,South,Credit Card,3314.44
ORD00220,2025-09-29,Mixer Grinder,Home Appliances,3,4114.06,0.05,CUST1145,South,Credit Card,11725.07
ORD00221,2025-03-31,Headphones,Electronics,1,2420.13,0.05,CUST1157,West,Net Banking,2299.12
ORD00222,2025-12-16,Bookshelf,Furniture,2,6602.19,0.05,CUST1128,South,Credit Card,12544.16
ORD00223,2025-08-25,Running Shoes,Fashion,4,3657.78,0.0,CUST1118,East,UPI,14631.12
ORD00224,2025-08-27,T-Shirt,Fashion,1,937.47,0.1,CUST1174,South,UPI,843.72
ORD00225,2025-08-15,Jacket,Fashion,1,3090.0,0.2,CUST1151,East,Cash,2472.0
ORD00226,2025-12-20,Running Shoes,Fashion,1,3505.8,0.0,CUST1117,East,Credit Card,3505.8
ORD00227,2025-07-16,Backpack,Accessories,3,1734.37,0.0,CUST1028,South,Cash,5203.11
ORD00228,2025-10-20,Jacket,Fashion,5,2981.83,0.1,CUST1148,East,Debit Card,13418.24
ORD00229,2025-01-12,Coffee Maker,Home Appliances,2,5150.61,0.15,CUST1071,North,Net Banking,8756.04
ORD00230,2025-12-18,Smartphone,Electronics,2,29923.5,0.1,CUST1234,West,Debit Card,53862.3
ORD00231,2025-04-28,Jacket,Fashion,1,3097.44,0.05,CUST1057,South,Net Banking,2942.57
ORD00232,2025-05-09,Keyboard,Electronics,4,1694.37,0.0,CUST1161,North,UPI,6777.48
ORD00233,2025-06-08,Air Fryer,Home Appliances,4,6256.39,0.2,CUST1009,East,Credit Card,20020.45
ORD00234,2025-02-16,T-Shirt,Fashion,3,971.44,0.15,CUST1084,West,Credit Card,2477.17
ORD00235,2025-04-13,Keyboard,Electronics,4,1777.73,0.0,CUST1202,East,Net Banking,7110.92
ORD00236,2025-09-14,Running Shoes,Fashion,1,3735.51,0.15,CUST1213,South,Debit Card,3175.18
ORD00237,2025-09-04,T-Shirt,Fashion,2,898.51,0.1,CUST1192,East,UPI,1617.32
ORD00238,2025-08-28,Headphones,Electronics,2,2429.02,0.05,CUST1037,South,Cash,4615.14
ORD00239,2025-10-13,Jacket,Fashion,1,3198.58,0.05,CUST1024,West,UPI,3038.65
ORD00240,2025-05-16,Wallet,Accessories,2,1221.06,0.1,CUST1032,West,Debit Card,2197.91
ORD00241,2025-12-11,Running Shoes,Fashion,5,3766.56,0.05,CUST1150,West,Debit Card,17891.16
ORD00242,2025-02-25,Bookshelf,Furniture,1,6725.71,0.0,CUST1121,North,Net Banking,6725.71
ORD00243,2025-10-15,Jeans,Fashion,2,1757.57,0.1,CUST1235,South,UPI,3163.63
ORD00244,2025-11-22,Air Fryer,Home Appliances,2,6712.61,0.1,CUST1233,East,Cash,12082.7
ORD00245,2025-03-01,Keyboard,Electronics,2,1919.95,0.15,CUST1012,North,Debit Card,3263.91
ORD00246,2025-09-10,Monitor,Electronics,5,16087.05,0.1,CUST1025,South,Net Banking,72391.73
ORD00247,2025-03-11,Coffee Maker,Home Appliances,1,5621.07,0.0,CUST1117,East,Net Banking,5621.07
ORD00248,2025-08-03,Keyboard,Electronics,1,1925.84,0.05,CUST1227,West,UPI,1829.55
ORD00249,2025-09-08,Mixer Grinder,Home Appliances,4,3934.49,0.0,CUST1241,East,UPI,15737.96
ORD00250,2025-12-20,Jacket,Fashion,1,3349.25,0.2,CUST1056,West,Cash,2679.4
ORD00251,2025-05-01,Jacket,Fashion,2,3048.2,0.0,CUST1026,East,Net Banking,6096.4
ORD00252,2025-11-27,Jacket,Fashion,3,3158.83,0.05,CUST1016,West,Debit Card,9002.67
ORD00253,2025-04-08,Monitor,Electronics,2,15844.77,0.0,CUST1243,West,UPI,31689.54
ORD00254,2025-12-06,Desk,Furniture,1,12003.65,0.2,CUST1165,North,UPI,9602.92
ORD00255,2025-06-20,Bookshelf,Furniture,5,6311.57,0.2,CUST1033,South,UPI,25246.28
ORD00256,2025-10-11,Desk,Furniture,1,12716.5,0.1,CUST1151,South,Credit Card,11444.85
ORD00257,2025-06-18,Keyboard,Electronics,3,1943.92,0.05,CUST1202,North,Debit Card,5540.17
ORD00258,2025-03-16,Keyboard,Electronics,2,1823.97,0.1,CUST1139,East,Credit Card,3283.15
ORD00259,2025-02-26,Laptop,Electronics,1,69661.47,0.05,CUST1034,North,Debit Card,66178.4
ORD00260,2025-05-02,Jeans,Fashion,3,1740.78,0.0,CUST1005,South,Debit Card,5222.34
ORD00261,2025-01-27,Keyboard,Electronics,1,1708.87,0.1,CUST1190,West,Net Banking,1537.98
ORD00262,2025-02-28,Headphones,Electronics,3,2552.32,0.0,CUST1122,West,Debit Card,7656.96
ORD00263,2025-09-20,Monitor,Electronics,5,15461.33,0.0,CUST1116,South,Net Banking,77306.65
ORD00264,2025-01-23,Watch,Accessories,5,4426.76,0.2,CUST1078,West,UPI,17707.04
ORD00265,2025-02-01,Backpack,Accessories,1,1855.32,0.15,CUST1217,West,Cash,1577.02
ORD00266,2025-12-18,Monitor,Electronics,1,15687.72,0.0,CUST1126,West,UPI,15687.72
ORD00267,2025-02-11,Jeans,Fashion,3,1904.09,0.05,CUST1156,South,UPI,5426.66
ORD00268,2025-03-06,Running Shoes,Fashion,3,3549.49,0.05,CUST1160,East,Cash,10116.05
ORD00269,2025-11-02,Watch,Accessories,5,4457.35,0.2,CUST1076,West,Net Banking,17829.4
ORD00270,2025-11-06,Mixer Grinder,Home Appliances,4,3924.13,0.1,CUST1026,North,Net Banking,14126.87
ORD00271,2025-04-21,Mixer Grinder,Home Appliances,1,4296.8,0.05,CUST1116,South,Cash,4081.96
ORD00272,2025-06-23,Air Fryer,Home Appliances,3,6252.64,0.05,CUST1103,West,UPI,17820.02
ORD00273,2025-06-10,Mixer Grinder,Home Appliances,1,4523.69,0.0,CUST1081,East,Debit Card,4523.69
ORD00274,2025-03-20,Backpack,Accessories,4,1845.89,0.05,CUST1018,North,UPI,7014.38
ORD00275,2025-02-17,Mixer Grinder,Home Appliances,1,3963.33,0.05,CUST1025,East,Credit Card,3765.16
ORD00276,2025-10-12,Smartphone,Electronics,1,28339.27,0.2,CUST1151,East,UPI,22671.42
ORD00277,2025-07-30,Jacket,Fashion,4,3166.34,0.0,CUST1224,West,UPI,12665.36
ORD00278,2025-05-28,T-Shirt,Fashion,2,953.42,0.1,CUST1091,North,Net Banking,1716.16
ORD00279,2025-09-17,Desk,Furniture,5,11424.73,0.0,CUST1040,West,Credit Card,57123.65
ORD00280,2025-02-25,Jacket,Fashion,2,3212.22,0.05,CUST1217,East,UPI,6103.22
ORD00281,2025-05-23,Bookshelf,Furniture,1,6492.66,0.15,CUST1207,West,Net Banking,5518.76
ORD00282,2025-11-15,Wallet,Accessories,2,1204.67,0.15,CUST1007,East,UPI,2047.94
ORD00283,2025-04-03,Running Shoes,Fashion,5,3587.54,0.05,CUST1180,East,Debit Card,17040.81
ORD00284,2025-06-29,Laptop,Electronics,1,61189.67,0.2,CUST1047,South,Net Banking,48951.74
ORD00285,2025-12-03,Coffee Maker,Home Appliances,4,5220.64,0.05,CUST1018,South,UPI,19838.43
ORD00286,2025-02-16,Watch,Accessories,5,4278.71,0.05,CUST1056,West,Cash,20323.87
ORD00287,2025-08-21,Jeans,Fashion,5,1723.11,0.0,CUST1041,East,Debit Card,8615.55
ORD00288,2025-06-16,Headphones,Electronics,1,2661.3,0.05,CUST1227,North,Credit Card,2528.24
ORD00289,2025-03-22,Smartphone,Electronics,1,28843.74,0.1,CUST1173,North,Debit Card,25959.37
ORD00290,2025-08-15,Mixer Grinder,Home Appliances,1,4027.14,0.1,CUST1125,West,Cash,3624.43
ORD00291,2025-05-20,Desk,Furniture,2,11464.08,0.0,CUST1194,North,Debit Card,22928.16
ORD00292,2025-08-09,Monitor,Electronics,2,14348.27,0.15,CUST1073,West,Net Banking,24392.06
ORD00293,2025-12-08,T-Shirt,Fashion,1,853.29,0.05,CUST1012,South,Cash,810.63
ORD00294,2025-11-03,Smartphone,Electronics,1,26906.6,0.0,CUST1002,South,Debit Card,26906.6
ORD00295,2025-04-19,Keyboard,Electronics,2,1809.92,0.05,CUST1196,East,Debit Card,3438.85
ORD00296,2025-06-17,Monitor,Electronics,1,14038.45,0.2,CUST1002,West,Cash,11230.76
ORD00297,2025-03-31,Keyboard,Electronics,4,1843.53,0.15,CUST1098,South,Net Banking,6268.0
ORD00298,2025-10-14,Jacket,Fashion,5,3051.35,0.1,CUST1019,West,UPI,13731.08
ORD00299,2025-08-12,Laptop,Electronics,2,60475.3,0.0,CUST1118,North,Debit Card,120950.6
ORD00300,2025-10-22,Mixer Grinder,Home Appliances,1,3959.25,0.1,CUST1147,West,Cash,3563.33
ORD00301,2025-05-29,Monitor,Electronics,4,16169.08,0.2,CUST1104,North,Debit Card,51741.06
ORD00302,2025-03-29,Air Fryer,Home Appliances,3,6945.94,0.0,CUST1213,East,UPI,20837.82
ORD00303,2025-08-12,Monitor,Electronics,3,15659.9,0.0,CUST1063,West,Net Banking,46979.7
ORD00304,2025-07-25,Watch,Accessories,3,4689.54,0.05,CUST1021,West,Debit Card,13365.19
ORD00305,2025-06-23,Bookshelf,Furniture,4,6291.13,0.05,CUST1086,South,UPI,23906.29
ORD00306,2025-09-19,Monitor,Electronics,3,15964.22,0.05,CUST1136,South,Debit Card,45498.03
ORD00307,2025-06-29,Keyboard,Electronics,2,1817.67,0.0,CUST1061,North,Credit Card,3635.34
ORD00308,2025-05-12,Desk,Furniture,1,11965.34,0.05,CUST1045,South,UPI,11367.07
ORD00309,2025-04-01,Backpack,Accessories,1,1739.47,0.2,CUST1119,West,Net Banking,1391.58
ORD00310,2025-11-26,Jeans,Fashion,1,1775.87,0.2,CUST1222,East,Credit Card,1420.7
ORD00311,2025-08-14,Headphones,Electronics,4,2445.78,0.15,CUST1121,West,Debit Card,8315.65
ORD00312,2025-05-21,Smartphone,Electronics,2,27415.49,0.0,CUST1091,North,Debit Card,54830.98
ORD00313,2025-08-25,Air Fryer,Home Appliances,2,6913.26,0.0,CUST1010,North,Debit Card,13826.52
ORD00314,2025-05-27,Headphones,Electronics,1,2579.66,0.0,CUST1166,North,Net Banking,2579.66
ORD00315,2025-11-01,Watch,Accessories,4,4521.45,0.05,CUST1099,West,Net Banking,17181.51
ORD00316,2025-10-11,Smartphone,Electronics,1,28295.85,0.2,CUST1116,South,Debit Card,22636.68
ORD00317,2025-11-06,Backpack,Accessories,1,1875.27,0.05,CUST1129,South,UPI,1781.51
ORD00318,2025-08-19,Monitor,Electronics,1,14237.06,0.1,CUST1208,East,UPI,12813.35
ORD00319,2025-09-16,Office Chair,Furniture,1,8367.93,0.0,CUST1011,South,Cash,8367.93
ORD00320,2025-08-13,Watch,Accessories,1,4349.94,0.1,CUST1134,South,Debit Card,3914.95
ORD00321,2025-07-10,T-Shirt,Fashion,1,881.6,0.0,CUST1100,West,Debit Card,881.6
ORD00322,2025-12-14,Smartphone,Electronics,2,26071.64,0.15,CUST1203,East,UPI,44321.79
ORD00323,2025-06-18,Monitor,Electronics,5,14772.05,0.05,CUST1143,West,Debit Card,70167.24
ORD00324,2025-05-10,Keyboard,Electronics,3,1903.72,0.15,CUST1086,North,Net Banking,4854.49
ORD00325,2025-12-06,Keyboard,Electronics,5,1891.58,0.2,CUST1235,East,Debit Card,7566.32
ORD00326,2025-12-02,Coffee Maker,Home Appliances,1,5809.91,0.05,CUST1034,North,Debit Card,5519.41
ORD00327,2025-10-14,Coffee Maker,Home Appliances,2,5130.05,0.05,CUST1165,East,Credit Card,9747.09
ORD00328,2025-12-10,Watch,Accessories,3,4858.15,0.0,CUST1024,West,Net Banking,14574.45
ORD00329,2025-07-05,Laptop,Electronics,1,66065.98,0.05,CUST1093,East,Credit Card,62762.68
ORD00330,2025-04-20,Jeans,Fashion,3,1675.43,0.0,CUST1243,West,Credit Card,5026.29
ORD00331,2025-04-26,Keyboard,Electronics,3,1806.5,0.05,CUST1040,North,Debit Card,5148.52
ORD00332,2025-02-21,Watch,Accessories,1,4739.08,0.2,CUST1198,North,Debit Card,3791.26
ORD00333,2025-11-13,Keyboard,Electronics,1,1818.46,0.05,CUST1153,West,Credit Card,1727.54
ORD00334,2025-03-25,Office Chair,Furniture,2,8974.19,0.15,CUST1213,South,Cash,15256.12
ORD00335,2025-01-23,Mixer Grinder,Home Appliances,2,4515.84,0.05,CUST1094,South,Cash,8580.1
ORD00336,2025-11-09,T-Shirt,Fashion,2,863.93,0.0,CUST1193,West,Credit Card,1727.86
ORD00337,2025-10-01,Bookshelf,Furniture,1,6561.59,0.0,CUST1080,West,Credit Card,6561.59
ORD00338,2025-07-08,Air Fryer,Home Appliances,3,6793.59,0.1,CUST1119,East,Cash,18342.69
ORD00339,2025-09-15,Watch,Accessories,4,4526.62,0.05,CUST1108,South,Credit Card,17201.16
ORD00340,2025-11-06,Keyboard,Electronics,1,1760.57,0.0,CUST1224,East,UPI,1760.57
ORD00341,2025-11-25,Backpack,Accessories,5,1773.69,0.0,CUST1224,East,Net Banking,8868.45
ORD00342,2025-02-22,Watch,Accessories,1,4555.31,0.05,CUST1218,North,Debit Card,4327.54
ORD00343,2025-02-12,Office Chair,Furniture,5,8162.21,0.0,CUST1070,West,Net Banking,40811.05
ORD00344,2025-03-17,Mixer Grinder,Home Appliances,4,3961.36,0.1,CUST1024,South,Cash,14260.9
ORD00345,2025-06-28,Laptop,Electronics,1,60476.43,0.05,CUST1107,North,Cash,57452.61
ORD00346,2025-09-15,Jacket,Fashion,3,3203.12,0.2,CUST1061,West,UPI,7687.49
ORD00347,2025-07-11,Bookshelf,Furniture,4,6819.43,0.0,CUST1008,East,UPI,27277.72
ORD00348,2025-11-29,Jeans,Fashion,2,1903.7,0.05,CUST1203,South,Credit Card,3617.03
ORD00349,2025-01-20,T-Shirt,Fashion,2,892.15,0.05,CUST1235,West,Credit Card,1695.08
ORD00350,2025-12-28,Backpack,Accessories,2,1927.35,0.05,CUST1115,North,UPI,3661.96
ORD00351,2025-01-10,Running Shoes,Fashion,5,3289.91,0.15,CUST1056,South,Net Banking,13982.12
ORD00352,2025-11-08,Watch,Accessories,2,4217.46,0.05,CUST1109,North,Debit Card,8013.17
ORD00353,2025-05-02,T-Shirt,Fashion,3,944.36,0.05,CUST1032,North,Credit Card,2691.43
ORD00354,2025-08-03,Air Fryer,Home Appliances,2,6204.56,0.1,CUST1017,North,Cash,11168.21
ORD00355,2025-11-02,Wallet,Accessories,1,1262.62,0.15,CUST1005,South,Credit Card,1073.23
ORD00356,2025-05-30,Mixer Grinder,Home Appliances,2,4235.53,0.0,CUST1001,East,Credit Card,8471.06
ORD00357,2025-10-20,Mixer Grinder,Home Appliances,1,4458.64,0.0,CUST1048,North,Net Banking,4458.64
ORD00358,2025-07-04,Headphones,Electronics,4,2631.22,0.15,CUST1245,North,Cash,8946.15
ORD00359,2025-08-29,Smartphone,Electronics,2,29818.6,0.15,CUST1163,West,Debit Card,50691.62
ORD00360,2025-05-10,Laptop,Electronics,4,65712.87,0.2,CUST1092,North,Debit Card,210281.18
ORD00361,2025-05-04,Monitor,Electronics,1,15249.34,0.0,CUST1198,East,Credit Card,15249.34
ORD00362,2025-01-23,Jacket,Fashion,1,3163.91,0.15,CUST1140,East,Credit Card,2689.32
ORD00363,2025-12-17,Air Fryer,Home Appliances,5,6109.95,0.05,CUST1179,West,Credit Card,29022.26
ORD00364,2025-03-11,Headphones,Electronics,3,2528.57,0.15,CUST1184,West,UPI,6447.85
ORD00365,2025-05-31,Desk,Furniture,1,11759.07,0.0,CUST1012,South,UPI,11759.07
ORD00366,2025-06-11,T-Shirt,Fashion,4,855.8,0.2,CUST1132,West,Net Banking,2738.56
ORD00367,2025-08-31,Running Shoes,Fashion,2,3580.54,0.15,CUST1010,South,Debit Card,6086.92
ORD00368,2025-07-02,Smartphone,Electronics,2,29794.35,0.1,CUST1222,East,Debit Card,53629.83
ORD00369,2025-03-05,Jacket,Fashion,1,3048.8,0.1,CUST1112,West,Cash,2743.92
ORD00370,2025-07-17,Jeans,Fashion,4,1741.09,0.0,CUST1250,South,Cash,6964.36
ORD00371,2025-12-21,Backpack,Accessories,3,1683.05,0.0,CUST1095,East,UPI,5049.15
ORD00372,2025-08-06,Headphones,Electronics,1,2610.92,0.0,CUST1111,South,Net Banking,2610.92
ORD00373,2025-05-31,Jeans,Fashion,3,1766.36,0.1,CUST1027,North,Debit Card,4769.17
ORD00374,2025-12-05,T-Shirt,Fashion,2,851.94,0.1,CUST1079,West,Net Banking,1533.49
ORD00375,2025-08-07,Office Chair,Furniture,5,8067.55,0.2,CUST1177,West,Debit Card,32270.2
ORD00376,2025-08-17,Smartphone,Electronics,2,29388.64,0.1,CUST1187,East,Net Banking,52899.55
ORD00377,2025-08-11,Running Shoes,Fashion,2,3375.36,0.1,CUST1164,North,UPI,6075.65
ORD00378,2025-12-10,Coffee Maker,Home Appliances,4,5709.03,0.05,CUST1094,South,UPI,21694.31
ORD00379,2025-03-15,Air Fryer,Home Appliances,2,6721.6,0.0,CUST1009,South,UPI,13443.2
ORD00380,2025-05-01,Jacket,Fashion,2,3096.86,0.05,CUST1093,West,Net Banking,5884.03
ORD00381,2025-01-17,Keyboard,Electronics,1,1723.03,0.15,CUST1174,West,Debit Card,1464.58
ORD00382,2025-07-10,Air Fryer,Home Appliances,4,6266.67,0.2,CUST1196,North,Net Banking,20053.34
ORD00383,2025-03-12,Watch,Accessories,1,4379.35,0.05,CUST1094,West,Debit Card,4160.38
ORD00384,2025-11-29,Running Shoes,Fashion,5,3733.72,0.15,CUST1064,North,UPI,15868.31
ORD00385,2025-04-06,Backpack,Accessories,1,1701.21,0.2,CUST1133,West,Net Banking,1360.97
ORD00386,2025-03-02,Running Shoes,Fashion,1,3636.2,0.05,CUST1199,East,Cash,3454.39
ORD00387,2025-04-20,T-Shirt,Fashion,5,850.8,0.05,CUST1178,West,Credit Card,4041.3
ORD00388,2025-03-04,Keyboard,Electronics,2,1887.32,0.2,CUST1219,North,Cash,3019.71
ORD00389,2025-03-30,Air Fryer,Home Appliances,2,6193.73,0.2,CUST1023,East,Debit Card,9909.97
ORD00390,2025-12-30,Headphones,Electronics,3,2552.52,0.05,CUST1141,East,Debit Card,7274.68
ORD00391,2025-03-22,Office Chair,Furniture,5,8843.97,0.0,CUST1204,East,Net Banking,44219.85
ORD00392,2025-04-25,Monitor,Electronics,4,16032.53,0.0,CUST1052,South,Credit Card,64130.12
ORD00393,2025-09-10,Laptop,Electronics,2,61554.07,0.0,CUST1093,East,Cash,123108.14
ORD00394,2025-10-10,Keyboard,Electronics,3,1900.5,0.2,CUST1157,North,UPI,4561.2
ORD00395,2025-06-08,Coffee Maker,Home Appliances,4,5874.69,0.15,CUST1184,West,Net Banking,19973.95
ORD00396,2025-07-30,Mixer Grinder,Home Appliances,5,4232.87,0.2,CUST1211,North,Credit Card,16931.48
ORD00397,2025-06-12,Headphones,Electronics,1,2474.63,0.1,CUST1116,West,Net Banking,2227.17
ORD00398,2025-06-26,Keyboard,Electronics,2,1764.5,0.0,CUST1225,South,Credit Card,3529.0
ORD00399,2025-08-10,Watch,Accessories,1,4188.13,0.05,CUST1234,North,UPI,3978.72
ORD00400,2025-09-23,Keyboard,Electronics,1,1781.51,0.0,CUST1078,South,Credit Card,1781.51
ORD00401,2025-06-15,Bookshelf,Furniture,1,6941.86,0.2,CUST1089,East,UPI,5553.49
ORD00402,2025-05-09,Desk,Furniture,1,11784.52,0.05,CUST1163,East,Credit Card,11195.29
ORD00403,2025-11-17,T-Shirt,Fashion,1,898.05,0.05,CUST1158,North,Net Banking,853.15
ORD00404,2025-11-25,Office Chair,Furniture,1,8481.86,0.15,CUST1152,South,Credit Card,7209.58
ORD00405,2025-12-04,Jeans,Fashion,4,1721.62,0.05,CUST1216,North,UPI,6542.16
ORD00406,2025-02-11,Smartphone,Electronics,5,27799.49,0.0,CUST1243,East,Credit Card,138997.45
ORD00407,2025-10-20,Mixer Grinder,Home Appliances,4,4134.31,0.05,CUST1159,North,Cash,15710.38
ORD00408,2025-11-18,Wallet,Accessories,2,1229.81,0.0,CUST1075,East,Cash,2459.62
ORD00409,2025-05-06,Coffee Maker,Home Appliances,4,5662.42,0.0,CUST1077,West,UPI,22649.68
ORD00410,2025-12-19,Smartphone,Electronics,1,30076.5,0.05,CUST1041,West,Cash,28572.67
ORD00411,2025-09-05,Air Fryer,Home Appliances,2,6449.26,0.2,CUST1053,East,Net Banking,10318.82
ORD00412,2025-03-15,Jeans,Fashion,1,1943.16,0.2,CUST1221,East,Debit Card,1554.53
ORD00413,2025-07-24,Keyboard,Electronics,2,1834.75,0.15,CUST1195,East,Net Banking,3119.07
ORD00414,2025-10-15,Monitor,Electronics,1,15637.41,0.05,CUST1082,South,Cash,14855.54
ORD00415,2025-03-04,Running Shoes,Fashion,3,3438.43,0.1,CUST1116,South,Credit Card,9283.76
ORD00416,2025-02-19,Smartphone,Electronics,2,28664.9,0.15,CUST1075,West,Net Banking,48730.33
ORD00417,2025-08-03,Bookshelf,Furniture,1,6860.65,0.0,CUST1247,South,Debit Card,6860.65
ORD00418,2025-10-23,Jeans,Fashion,1,1753.39,0.2,CUST1049,South,Cash,1402.71
ORD00419,2025-09-21,Air Fryer,Home Appliances,3,6559.46,0.05,CUST1128,East,Cash,18694.46
ORD00420,2025-01-12,Headphones,Electronics,3,2505.41,0.15,CUST1242,West,Net Banking,6388.8
ORD00421,2025-08-23,Bookshelf,Furniture,2,6791.22,0.0,CUST1056,East,UPI,13582.44
ORD00422,2025-01-26,T-Shirt,Fashion,4,882.14,0.2,CUST1127,West,Debit Card,2822.85
ORD00423,2025-10-02,Laptop,Electronics,1,67794.15,0.0,CUST1217,North,Cash,67794.15
ORD00424,2025-03-10,Running Shoes,Fashion,1,3726.15,0.05,CUST1187,East,Cash,3539.84
ORD00425,2025-07-07,Smartphone,Electronics,4,29403.15,0.05,CUST1103,North,Net Banking,111731.97
ORD00426,2025-10-15,Desk,Furniture,4,12671.62,0.1,CUST1093,East,UPI,45617.83
ORD00427,2025-07-17,Watch,Accessories,1,4460.39,0.2,CUST1116,East,Net Banking,3568.31
ORD00428,2025-12-15,Monitor,Electronics,4,14521.25,0.05,CUST1033,North,Cash,55180.75
ORD00429,2025-07-11,Jeans,Fashion,5,1810.49,0.15,CUST1143,East,Credit Card,7694.58
ORD00430,2025-04-12,Watch,Accessories,2,4414.01,0.05,CUST1103,North,UPI,8386.62
ORD00431,2025-01-20,Keyboard,Electronics,2,1913.61,0.2,CUST1183,East,Cash,3061.78
ORD00432,2025-09-23,Air Fryer,Home Appliances,1,6747.79,0.15,CUST1039,South,Debit Card,5735.62
ORD00433,2025-11-10,Jeans,Fashion,3,1836.86,0.05,CUST1042,West,Net Banking,5235.05
ORD00434,2025-06-03,Jeans,Fashion,2,1933.92,0.1,CUST1130,West,Net Banking,3481.06
ORD00435,2025-06-03,Backpack,Accessories,3,1712.09,0.2,CUST1209,North,Debit Card,4109.02
ORD00436,2025-06-19,Monitor,Electronics,1,14678.98,0.2,CUST1107,East,UPI,11743.18
ORD00437,2025-11-02,Backpack,Accessories,1,1844.98,0.2,CUST1068,South,UPI,1475.98
ORD00438,2025-10-26,Backpack,Accessories,5,1902.99,0.1,CUST1044,West,Credit Card,8563.46
ORD00439,2025-12-15,Bookshelf,Furniture,2,6899.53,0.05,CUST1009,North,Credit Card,13109.11
ORD00440,2025-01-10,Air Fryer,Home Appliances,1,6731.35,0.2,CUST1081,West,Credit Card,5385.08
ORD00441,2025-07-31,Desk,Furniture,1,12284.57,0.0,CUST1106,West,UPI,12284.57
ORD00442,2025-12-28,Keyboard,Electronics,1,1896.78,0.2,CUST1133,South,Net Banking,1517.42
ORD00443,2025-06-16,Backpack,Accessories,2,1683.24,0.1,CUST1135,West,Debit Card,3029.83
ORD00444,2025-03-30,Air Fryer,Home Appliances,5,6381.56,0.15,CUST1234,East,Net Banking,27121.63
ORD00445,2025-07-01,Running Shoes,Fashion,2,3445.45,0.05,CUST1157,West,Credit Card,6546.35
ORD00446,2025-05-07,Running Shoes,Fashion,1,3370.24,0.15,CUST1143,East,Credit Card,2864.7
ORD00447,2025-06-02,T-Shirt,Fashion,1,942.27,0.0,CUST1181,South,Cash,942.27
ORD00448,2025-06-12,Backpack,Accessories,1,1826.76,0.15,CUST1090,East,Debit Card,1552.75
ORD00449,2025-03-04,Wallet,Accessories,5,1200.79,0.0,CUST1098,West,Debit Card,6003.95
ORD00450,2025-03-16,T-Shirt,Fashion,1,902.45,0.15,CUST1011,East,UPI,767.08
ORD00451,2025-06-27,Air Fryer,Home Appliances,1,6768.14,0.1,CUST1168,East,Cash,6091.33
ORD00452,2025-04-20,Desk,Furniture,1,11884.59,0.15,CUST1212,East,Net Banking,10101.9
ORD00453,2025-12-23,Running Shoes,Fashion,3,3593.65,0.05,CUST1036,North,Net Banking,10241.9
ORD00454,2025-10-28,Bookshelf,Furniture,2,6173.97,0.1,CUST1063,North,Net Banking,11113.15
ORD00455,2025-04-26,Bookshelf,Furniture,2,6718.94,0.05,CUST1014,North,Cash,12765.99
ORD00456,2025-06-19,Backpack,Accessories,5,1896.1,0.1,CUST1026,South,UPI,8532.45
ORD00457,2025-10-09,Office Chair,Furniture,1,8944.19,0.15,CUST1105,West,Cash,7602.56
ORD00458,2025-11-30,Desk,Furniture,2,11280.92,0.0,CUST1194,East,Debit Card,22561.84
ORD00459,2025-05-27,Smartphone,Electronics,2,28129.35,0.2,CUST1233,North,Net Banking,45006.96
ORD00460,2025-04-29,Wallet,Accessories,3,1135.18,0.1,CUST1190,North,Credit Card,3064.99
ORD00461,2025-08-02,Office Chair,Furniture,4,8241.2,0.15,CUST1240,North,Cash,28020.08
ORD00462,2025-09-11,Office Chair,Furniture,1,8838.54,0.05,CUST1240,East,UPI,8396.61
ORD00463,2025-01-05,T-Shirt,Fashion,2,922.47,0.2,CUST1146,North,Debit Card,1475.95
ORD00464,2025-05-26,Air Fryer,Home Appliances,1,6603.96,0.0,CUST1165,West,Credit Card,6603.96
ORD00465,2025-09-16,Air Fryer,Home Appliances,3,6439.27,0.0,CUST1070,South,UPI,19317.81
ORD00466,2025-06-19,Office Chair,Furniture,1,8443.1,0.05,CUST1188,West,Debit Card,8020.94
ORD00467,2025-04-06,Laptop,Electronics,1,69796.61,0.05,CUST1189,East,Debit Card,66306.78
ORD00468,2025-10-18,Desk,Furniture,1,11322.61,0.0,CUST1045,West,Cash,11322.61
ORD00469,2025-09-21,Jeans,Fashion,1,1692.43,0.05,CUST1023,West,UPI,1607.81
ORD00470,2025-04-05,Keyboard,Electronics,1,1770.03,0.05,CUST1123,East,Credit Card,1681.53
ORD00471,2025-01-04,Running Shoes,Fashion,1,3410.99,0.15,CUST1099,South,Cash,2899.34
ORD00472,2025-05-17,Jeans,Fashion,4,1802.53,0.15,CUST1078,North,Debit Card,6128.6
ORD00473,2025-12-01,Jacket,Fashion,5,3040.8,0.0,CUST1178,South,UPI,15204.0
ORD00474,2025-12-08,Monitor,Electronics,4,14557.3,0.05,CUST1120,East,Credit Card,55317.74
ORD00475,2025-07-27,Watch,Accessories,2,4294.36,0.05,CUST1237,East,UPI,8159.28
ORD00476,2025-11-24,T-Shirt,Fashion,1,951.27,0.1,CUST1095,South,Credit Card,856.14
ORD00477,2025-03-10,Backpack,Accessories,1,1715.76,0.0,CUST1040,West,Net Banking,1715.76
ORD00478,2025-07-11,Mixer Grinder,Home Appliances,1,4204.77,0.0,CUST1180,West,Net Banking,4204.77
ORD00479,2025-12-07,Desk,Furniture,1,11792.77,0.0,CUST1196,South,Net Banking,11792.77
ORD00480,2025-02-11,Watch,Accessories,5,4660.82,0.0,CUST1115,East,UPI,23304.1
ORD00481,2025-10-16,Monitor,Electronics,1,14984.28,0.05,CUST1016,South,Net Banking,14235.07
ORD00482,2025-10-02,Keyboard,Electronics,2,1695.0,0.05,CUST1043,East,Net Banking,3220.5
ORD00483,2025-08-15,Monitor,Electronics,3,16127.32,0.0,CUST1175,South,Net Banking,48381.96
ORD00484,2025-09-08,Headphones,Electronics,2,2363.66,0.05,CUST1231,West,UPI,4490.95
ORD00485,2025-08-21,Keyboard,Electronics,1,1892.01,0.1,CUST1132,West,Cash,1702.81
ORD00486,2025-10-16,Smartphone,Electronics,1,29358.06,0.2,CUST1144,West,Debit Card,23486.45
ORD00487,2025-01-12,Coffee Maker,Home Appliances,2,5545.07,0.15,CUST1066,North,Credit Card,9426.62
ORD00488,2025-10-24,Headphones,Electronics,1,2684.31,0.2,CUST1012,West,Debit Card,2147.45
ORD00489,2025-12-25,Headphones,Electronics,4,2627.46,0.1,CUST1139,North,UPI,9458.86
ORD00490,2025-08-30,Smartphone,Electronics,3,28947.56,0.0,CUST1074,West,Credit Card,86842.68
ORD00491,2025-03-11,Mixer Grinder,Home Appliances,2,4475.12,0.2,CUST1096,West,Cash,7160.19
ORD00492,2025-07-13,Coffee Maker,Home Appliances,1,5686.87,0.1,CUST1021,South,Debit Card,5118.18
ORD00493,2025-03-02,Office Chair,Furniture,5,8759.14,0.0,CUST1138,West,Net Banking,43795.7
ORD00494,2025-03-07,Bookshelf,Furniture,1,6618.56,0.2,CUST1214,North,UPI,5294.85
ORD00495,2025-06-02,Air Fryer,Home Appliances,3,6586.91,0.0,CUST1173,West,Net Banking,19760.73
ORD00496,2025-07-14,Bookshelf,Furniture,4,6350.03,0.1,CUST1064,West,Debit Card,22860.11
ORD00497,2025-03-21,Running Shoes,Fashion,1,3638.79,0.0,CUST1049,North,UPI,3638.79
ORD00498,2025-12-05,Mixer Grinder,Home Appliances,2,4171.71,0.0,CUST1158,North,Credit Card,8343.42
ORD00499,2025-04-16,Headphones,Electronics,2,2604.4,0.2,CUST1026,North,Cash,4167.04
ORD00500,2025-11-03,Smartphone,Electronics,1,27951.6,0.0,CUST1063,North,Cash,27951.6
ORD00501,2025-08-13,Bookshelf,Furniture,3,6673.43,0.2,CUST1139,South,UPI,16016.23
ORD00502,2025-03-13,Watch,Accessories,2,4431.17,0.05,CUST1075,South,Net Banking,8419.22
ORD00503,2025-06-13,Jeans,Fashion,1,1803.89,0.1,CUST1061,East,Credit Card,1623.5
ORD00504,2025-12-05,Watch,Accessories,1,4542.93,0.2,CUST1057,West,Debit Card,3634.34
ORD00505,2025-05-21,Smartphone,Electronics,4,27738.84,0.2,CUST1143,South,Cash,88764.29
ORD00506,2025-10-12,Backpack,Accessories,2,1891.07,0.1,CUST1013,East,Cash,3403.93
ORD00507,2025-09-26,Jeans,Fashion,2,1852.65,0.0,CUST1179,West,Cash,3705.3
ORD00508,2025-03-18,T-Shirt,Fashion,2,907.22,0.0,CUST1097,South,Net Banking,1814.44
ORD00509,2025-08-31,Bookshelf,Furniture,1,6899.75,0.2,CUST1218,South,Debit Card,5519.8
ORD00510,2025-12-29,Keyboard,Electronics,1,1798.72,0.15,CUST1207,West,UPI,1528.91
ORD00511,2025-10-15,Mixer Grinder,Home Appliances,2,3906.15,0.1,CUST1248,West,Net Banking,7031.07
ORD00512,2025-09-29,Keyboard,Electronics,5,1777.67,0.05,CUST1100,South,Debit Card,8443.93
ORD00513,2025-04-15,Jeans,Fashion,3,1692.91,0.05,CUST1166,North,Cash,4824.79
ORD00514,2025-07-09,Headphones,Electronics,1,2344.76,0.1,CUST1138,South,UPI,2110.28
ORD00515,2025-05-18,Coffee Maker,Home Appliances,2,5146.02,0.0,CUST1173,North,UPI,10292.04
ORD00516,2025-04-07,Wallet,Accessories,2,1220.54,0.2,CUST1056,West,Credit Card,1952.86
ORD00517,2025-06-20,T-Shirt,Fashion,3,890.77,0.0,CUST1245,North,Credit Card,2672.31
ORD00518,2025-04-08,Monitor,Electronics,2,14706.83,0.1,CUST1192,West,Credit Card,26472.29
ORD00519,2025-12-23,Desk,Furniture,1,12478.09,0.05,CUST1102,South,Net Banking,11854.19
ORD00520,2025-06-14,T-Shirt,Fashion,5,900.09,0.15,CUST1098,West,Net Banking,3825.38
ORD00521,2025-11-29,Jacket,Fashion,1,3385.35,0.15,CUST1079,East,Debit Card,2877.55
ORD00522,2025-09-20,Backpack,Accessories,5,1833.06,0.0,CUST1120,North,Cash,9165.3
ORD00523,2025-06-13,Desk,Furniture,4,12798.61,0.0,CUST1095,East,Cash,51194.44
ORD00524,2025-01-24,Bookshelf,Furniture,1,6151.73,0.05,CUST1190,South,UPI,5844.14
ORD00525,2025-05-14,Wallet,Accessories,1,1155.29,0.1,CUST1240,West,Debit Card,1039.76
ORD00526,2025-03-20,Desk,Furniture,1,12575.42,0.05,CUST1085,South,Cash,11946.65
ORD00527,2025-10-19,Bookshelf,Furniture,5,6452.14,0.2,CUST1128,East,Debit Card,25808.56
ORD00528,2025-09-08,Backpack,Accessories,1,1929.08,0.15,CUST1118,South,Debit Card,1639.72
ORD00529,2025-03-28,Keyboard,Electronics,1,1839.62,0.2,CUST1185,West,Credit Card,1471.7
ORD00530,2025-10-05,Smartphone,Electronics,1,30202.91,0.05,CUST1135,North,UPI,28692.76
ORD00531,2025-12-09,Smartphone,Electronics,3,29558.87,0.1,CUST1196,North,Cash,79808.95
ORD00532,2025-03-12,Bookshelf,Furniture,3,6854.88,0.0,CUST1018,South,UPI,20564.64
ORD00533,2025-04-22,Watch,Accessories,1,4216.69,0.0,CUST1117,East,UPI,4216.69
ORD00534,2025-11-13,Backpack,Accessories,1,1683.92,0.05,CUST1169,West,UPI,1599.72
ORD00535,2025-01-04,Wallet,Accessories,2,1264.72,0.1,CUST1142,West,UPI,2276.5
ORD00536,2025-01-09,Watch,Accessories,4,4610.1,0.0,CUST1185,East,Net Banking,18440.4
ORD00537,2025-05-27,Laptop,Electronics,2,65503.04,0.0,CUST1129,West,Credit Card,131006.08
ORD00538,2025-02-24,Monitor,Electronics,1,15131.32,0.0,CUST1135,South,Credit Card,15131.32
ORD00539,2025-04-09,Watch,Accessories,1,4532.79,0.15,CUST1065,East,Debit Card,3852.87
ORD00540,2025-07-23,Headphones,Electronics,1,2698.63,0.05,CUST1096,West,Cash,2563.7
ORD00541,2025-10-17,Bookshelf,Furniture,5,6263.83,0.1,CUST1179,South,Debit Card,28187.24
ORD00542,2025-12-17,Headphones,Electronics,1,2526.37,0.05,CUST1168,North,UPI,2400.05
ORD00543,2025-07-27,Coffee Maker,Home Appliances,1,5593.57,0.05,CUST1097,West,UPI,5313.89
ORD00544,2025-11-23,Laptop,Electronics,1,69005.24,0.05,CUST1180,South,UPI,65554.98
ORD00545,2025-09-13,Mixer Grinder,Home Appliances,1,3987.59,0.05,CUST1166,East,Net Banking,3788.21
ORD00546,2025-02-18,Watch,Accessories,2,4830.06,0.0,CUST1236,North,Credit Card,9660.12
ORD00547,2025-04-19,Backpack,Accessories,5,1892.57,0.0,CUST1070,North,UPI,9462.85
ORD00548,2025-12-17,Running Shoes,Fashion,1,3544.2,0.0,CUST1231,North,Credit Card,3544.2
ORD00549,2025-06-11,Laptop,Electronics,4,64432.42,0.15,CUST1247,South,Net Banking,219070.23
ORD00550,2025-03-15,Coffee Maker,Home Appliances,2,5329.3,0.0,CUST1238,North,Debit Card,10658.6
ORD00551,2025-03-25,Bookshelf,Furniture,2,6564.29,0.05,CUST1146,West,Net Banking,12472.15
ORD00552,2025-06-19,Coffee Maker,Home Appliances,2,5205.31,0.1,CUST1194,South,UPI,9369.56
ORD00553,2025-09-14,Jacket,Fashion,1,3451.91,0.1,CUST1014,North,Cash,3106.72
ORD00554,2025-04-29,Headphones,Electronics,2,2505.22,0.05,CUST1088,West,Debit Card,4759.92
ORD00555,2025-01-16,Running Shoes,Fashion,5,3687.96,0.0,CUST1201,West,Cash,18439.8
ORD00556,2025-04-27,Jacket,Fashion,2,3237.01,0.1,CUST1142,West,Cash,5826.62
ORD00557,2025-04-06,Coffee Maker,Home Appliances,5,5720.48,0.05,CUST1022,East,Credit Card,27172.28
ORD00558,2025-02-07,Headphones,Electronics,2,2650.56,0.0,CUST1069,South,Cash,5301.12
ORD00559,2025-12-31,Keyboard,Electronics,5,1716.48,0.0,CUST1190,West,Debit Card,8582.4
ORD00560,2025-07-04,Monitor,Electronics,2,14701.52,0.0,CUST1024,North,Debit Card,29403.04
ORD00561,2025-08-16,Jacket,Fashion,2,3422.44,0.2,CUST1195,East,UPI,5475.9
ORD00562,2025-03-09,Headphones,Electronics,2,2587.12,0.2,CUST1048,West,Cash,4139.39
ORD00563,2025-10-13,Wallet,Accessories,2,1274.69,0.0,CUST1132,West,UPI,2549.38
ORD00564,2025-01-14,Headphones,Electronics,4,2499.55,0.2,CUST1091,North,Net Banking,7998.56
ORD00565,2025-11-03,Jeans,Fashion,5,1675.39,0.05,CUST1222,West,UPI,7958.1
ORD00566,2025-05-30,Mixer Grinder,Home Appliances,4,4050.03,0.2,CUST1100,North,Net Banking,12960.1
ORD00567,2025-05-05,Watch,Accessories,1,4185.76,0.15,CUST1044,West,Credit Card,3557.9
ORD00568,2025-03-13,Running Shoes,Fashion,2,3652.23,0.2,CUST1078,East,Cash,5843.57
ORD00569,2025-03-16,Headphones,Electronics,2,2397.42,0.15,CUST1043,West,Debit Card,4075.61
ORD00570,2025-08-04,T-Shirt,Fashion,1,881.07,0.0,CUST1124,North,Debit Card,881.07
ORD00571,2025-05-09,Bookshelf,Furniture,1,6157.95,0.05,CUST1185,West,Net Banking,5850.05
ORD00572,2025-11-12,Desk,Furniture,2,11176.33,0.05,CUST1118,North,Credit Card,21235.03
ORD00573,2025-06-05,Laptop,Electronics,1,61702.38,0.15,CUST1243,West,Debit Card,52447.02
ORD00574,2025-11-14,Coffee Maker,Home Appliances,1,5130.2,0.0,CUST1206,East,Cash,5130.2
ORD00575,2025-06-21,Mixer Grinder,Home Appliances,2,4121.38,0.2,CUST1209,South,Debit Card,6594.21
ORD00576,2025-06-14,Desk,Furniture,2,12837.65,0.15,CUST1123,East,Credit Card,21824.0
ORD00577,2025-07-23,Jeans,Fashion,5,1927.05,0.05,CUST1075,West,Net Banking,9153.49
ORD00578,2025-05-05,Jeans,Fashion,1,1692.32,0.0,CUST1097,East,Cash,1692.32
ORD00579,2025-07-06,Monitor,Electronics,1,15684.71,0.0,CUST1239,South,Net Banking,15684.71
ORD00580,2025-10-07,Office Chair,Furniture,3,8508.81,0.0,CUST1175,North,Cash,25526.43
ORD00581,2025-12-29,Desk,Furniture,1,11294.45,0.0,CUST1113,East,UPI,11294.45
ORD00582,2025-07-29,Backpack,Accessories,4,1941.34,0.1,CUST1036,East,Credit Card,6988.82
ORD00583,2025-05-10,Keyboard,Electronics,1,1794.41,0.05,CUST1184,West,Cash,1704.69
ORD00584,2025-02-07,Air Fryer,Home Appliances,2,6624.54,0.2,CUST1154,West,Net Banking,10599.26
ORD00585,2025-07-25,Wallet,Accessories,1,1127.81,0.15,CUST1130,West,Net Banking,958.64
ORD00586,2025-01-19,Jacket,Fashion,5,3154.48,0.05,CUST1180,North,UPI,14983.78
ORD00587,2025-05-08,Jacket,Fashion,4,3097.2,0.0,CUST1043,North,Net Banking,12388.8
ORD00588,2025-11-27,Coffee Maker,Home Appliances,1,5246.12,0.1,CUST1248,East,Cash,4721.51
ORD00589,2025-02-24,Laptop,Electronics,1,69656.96,0.1,CUST1026,East,Credit Card,62691.26
ORD00590,2025-09-19,Watch,Accessories,4,4761.59,0.2,CUST1143,South,Cash,15237.09
ORD00591,2025-07-11,Coffee Maker,Home Appliances,1,5796.38,0.05,CUST1119,South,Debit Card,5506.56
ORD00592,2025-01-13,Backpack,Accessories,4,1900.79,0.15,CUST1027,East,Cash,6462.69
ORD00593,2025-02-13,Monitor,Electronics,1,14467.62,0.05,CUST1213,South,Debit Card,13744.24
ORD00594,2025-06-09,Jeans,Fashion,3,1908.37,0.05,CUST1117,South,Net Banking,5438.85
ORD00595,2025-09-05,Jacket,Fashion,2,2991.03,0.1,CUST1122,North,Cash,5383.85
ORD00596,2025-12-23,Air Fryer,Home Appliances,2,6931.79,0.05,CUST1082,North,Debit Card,13170.4
ORD00597,2025-01-23,Monitor,Electronics,1,16120.17,0.0,CUST1006,East,UPI,16120.17
ORD00598,2025-12-13,Office Chair,Furniture,1,8468.93,0.0,CUST1239,South,Net Banking,8468.93
ORD00599,2025-03-31,Wallet,Accessories,3,1173.73,0.2,CUST1041,East,Net Banking,2816.95
ORD00600,2025-08-07,Air Fryer,Home Appliances,1,6772.19,0.0,CUST1060,West,Credit Card,6772.19
ORD00601,2025-04-06,Mixer Grinder,Home Appliances,2,4316.55,0.0,CUST1102,North,Net Banking,8633.1
ORD00602,2025-04-12,Air Fryer,Home Appliances,5,6887.75,0.05,CUST1152,West,Cash,32716.81
ORD00603,2025-01-03,Desk,Furniture,3,12902.75,0.0,CUST1053,East,UPI,38708.25
ORD00604,2025-10-23,Monitor,Electronics,2,15904.4,0.2,CUST1205,South,Debit Card,25447.04
ORD00605,2025-06-16,Desk,Furniture,1,11976.65,0.05,CUST1118,North,Debit Card,11377.82
ORD00606,2025-12-10,Backpack,Accessories,2,1678.82,0.05,CUST1136,East,Net Banking,3189.76
ORD00607,2025-07-18,Coffee Maker,Home Appliances,2,5141.83,0.0,CUST1151,North,Debit Card,10283.66
ORD00608,2025-06-30,Air Fryer,Home Appliances,3,6646.23,0.2,CUST1159,South,Debit Card,15950.95
ORD00609,2025-11-11,Headphones,Electronics,3,2505.57,0.2,CUST1173,South,Debit Card,6013.37
ORD00610,2025-03-02,Bookshelf,Furniture,2,6167.06,0.05,CUST1079,North,Credit Card,11717.41
ORD00611,2025-07-11,Keyboard,Electronics,3,1790.18,0.0,CUST1131,West,Cash,5370.54
ORD00612,2025-11-02,Keyboard,Electronics,3,1717.42,0.15,CUST1148,West,Cash,4379.42
ORD00613,2025-04-06,Backpack,Accessories,1,1762.0,0.05,CUST1163,South,Net Banking,1673.9
ORD00614,2025-03-27,Backpack,Accessories,1,1939.77,0.1,CUST1074,South,Credit Card,1745.79
ORD00615,2025-06-11,Air Fryer,Home Appliances,5,6115.64,0.0,CUST1159,North,Debit Card,30578.2
ORD00616,2025-01-05,Backpack,Accessories,4,1803.58,0.15,CUST1035,South,Cash,6132.17
ORD00617,2025-10-15,Watch,Accessories,2,4381.87,0.0,CUST1168,West,Cash,8763.74
ORD00618,2025-12-17,Backpack,Accessories,3,1906.23,0.0,CUST1107,West,Cash,5718.69
ORD00619,2025-03-27,Headphones,Electronics,3,2339.86,0.05,CUST1145,North,Credit Card,6668.6
ORD00620,2025-05-30,Smartphone,Electronics,1,26480.71,0.05,CUST1071,South,Net Banking,25156.67
ORD00621,2025-05-28,Office Chair,Furniture,5,9162.99,0.2,CUST1200,West,Net Banking,36651.96
ORD00622,2025-09-11,Wallet,Accessories,3,1205.8,0.05,CUST1131,North,Net Banking,3436.53
ORD00623,2025-02-28,Running Shoes,Fashion,1,3623.79,0.0,CUST1199,East,Net Banking,3623.79
ORD00624,2025-01-22,Air Fryer,Home Appliances,1,6363.3,0.0,CUST1140,South,Cash,6363.3
ORD00625,2025-02-22,Bookshelf,Furniture,2,6130.67,0.15,CUST1077,North,Cash,10422.14
ORD00626,2025-05-15,Jacket,Fashion,2,2991.94,0.0,CUST1221,North,Cash,5983.88
ORD00627,2025-03-02,Bookshelf,Furniture,1,6432.0,0.15,CUST1054,East,Net Banking,5467.2
ORD00628,2025-11-20,Mixer Grinder,Home Appliances,3,4263.55,0.0,CUST1043,South,Credit Card,12790.65
ORD00629,2025-04-16,Smartphone,Electronics,1,29402.46,0.0,CUST1146,East,Net Banking,29402.46
ORD00630,2025-05-24,Wallet,Accessories,1,1146.15,0.05,CUST1044,East,Debit Card,1088.84
ORD00631,2025-05-29,Running Shoes,Fashion,1,3320.22,0.15,CUST1244,North,Credit Card,2822.19
ORD00632,2025-07-30,Smartphone,Electronics,1,28538.06,0.2,CUST1071,South,Credit Card,22830.45
ORD00633,2025-05-08,Keyboard,Electronics,1,1839.49,0.0,CUST1183,East,Credit Card,1839.49
ORD00634,2025-12-13,Coffee Maker,Home Appliances,5,5886.54,0.0,CUST1126,South,Net Banking,29432.7
ORD00635,2025-11-20,Running Shoes,Fashion,2,3583.28,0.15,CUST1161,West,Cash,6091.58
ORD00636,2025-08-20,Headphones,Electronics,4,2554.6,0.2,CUST1163,North,Cash,8174.72
ORD00637,2025-09-21,Running Shoes,Fashion,5,3601.93,0.05,CUST1178,East,Cash,17109.17
ORD00638,2025-09-07,Jeans,Fashion,3,1835.32,0.0,CUST1149,North,UPI,5505.96
ORD00639,2025-08-23,Jacket,Fashion,4,3206.83,0.0,CUST1218,North,Net Banking,12827.32
ORD00640,2025-07-23,Desk,Furniture,3,11455.2,0.05,CUST1248,West,Credit Card,32647.32
ORD00641,2025-09-11,Running Shoes,Fashion,2,3635.53,0.2,CUST1083,East,Debit Card,5816.85
ORD00642,2025-10-08,Keyboard,Electronics,1,1849.58,0.1,CUST1145,West,Debit Card,1664.62
ORD00643,2025-12-16,Smartphone,Electronics,1,28626.12,0.2,CUST1012,North,Cash,22900.9
ORD00644,2025-01-09,Monitor,Electronics,2,15007.91,0.1,CUST1238,South,Cash,27014.24
ORD00645,2025-08-22,Laptop,Electronics,4,68149.56,0.05,CUST1246,West,Credit Card,258968.33
ORD00646,2025-12-19,Keyboard,Electronics,3,1717.65,0.0,CUST1226,East,Credit Card,5152.95
ORD00647,2025-05-21,Headphones,Electronics,2,2569.97,0.0,CUST1168,East,Debit Card,5139.94
ORD00648,2025-02-12,Jacket,Fashion,2,3212.77,0.0,CUST1171,South,UPI,6425.54
ORD00649,2025-07-22,T-Shirt,Fashion,2,891.44,0.1,CUST1186,South,Cash,1604.59
ORD00650,2025-12-02,Headphones,Electronics,4,2481.9,0.0,CUST1181,North,UPI,9927.6
ORD00651,2025-04-20,Backpack,Accessories,1,1900.92,0.15,CUST1020,South,Net Banking,1615.78
ORD00652,2025-04-26,Watch,Accessories,1,4833.53,0.1,CUST1175,West,UPI,4350.18
ORD00653,2025-01-05,Jeans,Fashion,2,1902.49,0.05,CUST1210,North,Cash,3614.73
ORD00654,2025-12-22,Keyboard,Electronics,3,1872.54,0.05,CUST1123,North,Credit Card,5336.74
ORD00655,2025-07-16,Headphones,Electronics,1,2514.32,0.0,CUST1188,North,UPI,2514.32
ORD00656,2025-06-10,Jacket,Fashion,1,3222.72,0.05,CUST1226,East,Credit Card,3061.58
ORD00657,2025-07-15,Keyboard,Electronics,1,1681.94,0.05,CUST1165,South,UPI,1597.84
ORD00658,2025-09-29,Laptop,Electronics,1,68965.88,0.05,CUST1157,South,Cash,65517.59
ORD00659,2025-06-29,Desk,Furniture,1,11919.1,0.05,CUST1161,South,Cash,11323.15
ORD00660,2025-11-12,Air Fryer,Home Appliances,3,6622.54,0.1,CUST1221,South,UPI,17880.86
ORD00661,2025-02-21,Keyboard,Electronics,2,1730.88,0.0,CUST1193,North,Net Banking,3461.76
ORD00662,2025-07-16,Jacket,Fashion,4,3279.15,0.0,CUST1247,West,Debit Card,13116.6
ORD00663,2025-03-13,Bookshelf,Furniture,5,6173.28,0.05,CUST1071,North,Credit Card,29323.08
ORD00664,2025-10-11,T-Shirt,Fashion,4,959.72,0.0,CUST1200,North,Debit Card,3838.88
ORD00665,2025-04-16,Watch,Accessories,3,4345.34,0.0,CUST1156,South,Cash,13036.02
ORD00666,2025-06-01,Smartphone,Electronics,2,26800.1,0.15,CUST1201,South,Cash,45560.17
ORD00667,2025-07-17,Monitor,Electronics,3,15057.63,0.15,CUST1062,West,Net Banking,38396.96
ORD00668,2025-02-06,Watch,Accessories,4,4772.76,0.15,CUST1228,North,Debit Card,16227.38
ORD00669,2025-06-12,Keyboard,Electronics,1,1813.0,0.05,CUST1100,West,Debit Card,1722.35
ORD00670,2025-10-07,Office Chair,Furniture,3,8661.01,0.0,CUST1196,West,UPI,25983.03
ORD00671,2025-01-09,Headphones,Electronics,1,2471.66,0.05,CUST1004,East,Credit Card,2348.08
ORD00672,2025-01-21,Smartphone,Electronics,2,27124.16,0.1,CUST1243,West,Net Banking,48823.49
ORD00673,2025-05-27,Watch,Accessories,5,4404.5,0.05,CUST1197,West,Cash,20921.38
ORD00674,2025-12-26,Coffee Maker,Home Appliances,2,5222.97,0.2,CUST1022,South,Debit Card,8356.75
ORD00675,2025-02-12,T-Shirt,Fashion,1,898.26,0.0,CUST1021,South,Credit Card,898.26
ORD00676,2025-10-02,Jeans,Fashion,3,1693.84,0.0,CUST1101,North,Debit Card,5081.52
ORD00677,2025-12-24,Mixer Grinder,Home Appliances,2,4188.73,0.15,CUST1187,South,UPI,7120.84
ORD00678,2025-05-06,Headphones,Electronics,2,2379.66,0.05,CUST1237,West,UPI,4521.35
ORD00679,2025-08-21,Smartphone,Electronics,2,28509.11,0.0,CUST1080,South,UPI,57018.22
ORD00680,2025-01-07,Keyboard,Electronics,3,1742.18,0.05,CUST1180,North,Credit Card,4965.21
ORD00681,2025-09-12,Jacket,Fashion,1,3158.09,0.1,CUST1134,East,Credit Card,2842.28
ORD00682,2025-07-10,Keyboard,Electronics,2,1770.32,0.1,CUST1192,East,UPI,3186.58
ORD00683,2025-01-16,Jeans,Fashion,5,1885.08,0.05,CUST1207,West,Debit Card,8954.13
ORD00684,2025-09-26,Headphones,Electronics,4,2492.39,0.2,CUST1068,North,Cash,7975.65
ORD00685,2025-08-22,Watch,Accessories,1,4561.74,0.1,CUST1093,North,Cash,4105.57
ORD00686,2025-10-18,Office Chair,Furniture,3,7948.59,0.0,CUST1095,South,Debit Card,23845.77
ORD00687,2025-02-22,Monitor,Electronics,2,14226.68,0.05,CUST1059,North,UPI,27030.69
ORD00688,2025-01-07,Bookshelf,Furniture,1,6095.4,0.2,CUST1012,West,Debit Card,4876.32
ORD00689,2025-07-16,Keyboard,Electronics,2,1734.67,0.1,CUST1046,North,Net Banking,3122.41
ORD00690,2025-12-02,Mixer Grinder,Home Appliances,1,3961.79,0.0,CUST1058,East,Credit Card,3961.79
ORD00691,2025-08-02,Jeans,Fashion,2,1831.86,0.0,CUST1070,North,Net Banking,3663.72
ORD00692,2025-07-10,Monitor,Electronics,1,14844.1,0.05,CUST1129,North,Credit Card,14101.9
ORD00693,2025-04-25,Watch,Accessories,1,4188.33,0.0,CUST1012,West,UPI,4188.33
ORD00694,2025-08-27,T-Shirt,Fashion,1,923.28,0.2,CUST1199,East,Debit Card,738.62
ORD00695,2025-02-14,Wallet,Accessories,4,1197.85,0.05,CUST1117,North,Debit Card,4551.83
ORD00696,2025-04-13,T-Shirt,Fashion,2,902.99,0.15,CUST1145,East,Net Banking,1535.08
ORD00697,2025-05-05,Air Fryer,Home Appliances,5,6181.16,0.15,CUST1095,West,Credit Card,26269.93
ORD00698,2025-10-07,Bookshelf,Furniture,5,6345.23,0.0,CUST1039,North,Cash,31726.15
ORD00699,2025-01-13,Bookshelf,Furniture,4,6241.81,0.0,CUST1139,East,UPI,24967.24
ORD00700,2025-06-21,Laptop,Electronics,4,62286.4,0.1,CUST1195,West,Debit Card,224231.04
ORD00701,2025-02-23,Desk,Furniture,2,11958.75,0.2,CUST1136,South,Cash,19134.0
ORD00702,2025-09-09,Smartphone,Electronics,1,26784.03,0.0,CUST1249,South,Debit Card,26784.03
ORD00703,2025-02-17,Smartphone,Electronics,1,29560.08,0.05,CUST1236,South,Net Banking,28082.08
ORD00704,2025-07-31,Jacket,Fashion,1,3303.96,0.0,CUST1118,North,Net Banking,3303.96
ORD00705,2025-02-18,Watch,Accessories,5,4602.05,0.2,CUST1035,West,UPI,18408.2
ORD00706,2025-10-31,Smartphone,Electronics,2,28436.56,0.05,CUST1112,South,Credit Card,54029.46
ORD00707,2025-05-30,Running Shoes,Fashion,3,3743.75,0.05,CUST1218,East,Cash,10669.69
ORD00708,2025-12-25,Jeans,Fashion,1,1856.66,0.2,CUST1082,West,Debit Card,1485.33
ORD00709,2025-04-30,Headphones,Electronics,2,2572.08,0.1,CUST1242,South,Credit Card,4629.74
ORD00710,2025-10-27,Monitor,Electronics,3,15248.67,0.05,CUST1040,North,Credit Card,43458.71
ORD00711,2025-08-19,Air Fryer,Home Appliances,5,6200.31,0.15,CUST1081,West,UPI,26351.32
ORD00712,2025-10-02,Jacket,Fashion,1,3128.69,0.0,CUST1247,South,Cash,3128.69
ORD00713,2025-06-07,Air Fryer,Home Appliances,2,7013.5,0.0,CUST1068,North,UPI,14027.0
ORD00714,2025-03-22,T-Shirt,Fashion,4,849.22,0.0,CUST1212,North,Credit Card,3396.88
ORD00715,2025-06-17,Keyboard,Electronics,1,1703.46,0.1,CUST1024,South,Debit Card,1533.11
ORD00716,2025-07-22,Watch,Accessories,2,4701.5,0.15,CUST1013,East,Debit Card,7992.55
ORD00717,2025-03-31,Laptop,Electronics,1,64722.18,0.0,CUST1244,West,Cash,64722.18
ORD00718,2025-10-12,Wallet,Accessories,4,1274.02,0.05,CUST1064,North,Cash,4841.28
ORD00719,2025-02-22,Keyboard,Electronics,1,1908.6,0.15,CUST1032,North,UPI,1622.31
ORD00720,2025-04-24,Keyboard,Electronics,1,1821.01,0.1,CUST1051,West,Debit Card,1638.91
ORD00721,2025-12-18,Headphones,Electronics,2,2446.72,0.0,CUST1150,East,UPI,4893.44
ORD00722,2025-01-12,Headphones,Electronics,2,2473.56,0.05,CUST1051,West,Credit Card,4699.76
ORD00723,2025-02-17,Jeans,Fashion,1,1778.91,0.0,CUST1032,North,Cash,1778.91
ORD00724,2025-01-26,Office Chair,Furniture,1,8207.87,0.05,CUST1237,West,Cash,7797.48
ORD00725,2025-09-12,Laptop,Electronics,1,62665.88,0.05,CUST1098,West,Credit Card,59532.59
ORD00726,2025-07-01,Desk,Furniture,3,12246.21,0.15,CUST1233,South,Debit Card,31227.84
ORD00727,2025-05-24,Air Fryer,Home Appliances,3,6649.0,0.0,CUST1227,South,UPI,19947.0
ORD00728,2025-11-11,Bookshelf,Furniture,1,6415.29,0.0,CUST1166,East,Cash,6415.29
ORD00729,2025-07-30,Wallet,Accessories,2,1202.25,0.1,CUST1123,North,UPI,2164.05
ORD00730,2025-05-24,Coffee Maker,Home Appliances,2,5396.53,0.1,CUST1036,West,Credit Card,9713.75
ORD00731,2025-11-26,Watch,Accessories,2,4454.21,0.2,CUST1064,North,Cash,7126.74
ORD00732,2025-07-03,Backpack,Accessories,4,1818.07,0.05,CUST1140,West,Debit Card,6908.67
ORD00733,2025-10-17,Watch,Accessories,3,4701.3,0.15,CUST1083,West,Debit Card,11988.32
ORD00734,2025-04-03,Laptop,Electronics,1,67451.7,0.05,CUST1082,South,UPI,64079.11
ORD00735,2025-05-24,Smartphone,Electronics,4,26116.58,0.05,CUST1208,West,Net Banking,99243.0
ORD00736,2025-07-03,Bookshelf,Furniture,4,6052.37,0.1,CUST1250,South,UPI,21788.53
ORD00737,2025-05-07,Bookshelf,Furniture,1,6920.58,0.05,CUST1069,North,Credit Card,6574.55
ORD00738,2025-10-22,Coffee Maker,Home Appliances,4,5879.8,0.05,CUST1091,South,Credit Card,22343.24
ORD00739,2025-05-02,Jeans,Fashion,3,1926.3,0.05,CUST1207,East,Net Banking,5489.95
ORD00740,2025-01-15,Jacket,Fashion,2,3024.68,0.05,CUST1243,South,Net Banking,5746.89
ORD00741,2025-04-07,Backpack,Accessories,2,1743.33,0.15,CUST1139,East,Credit Card,2963.66
ORD00742,2025-09-09,Smartphone,Electronics,4,27330.62,0.05,CUST1024,North,Credit Card,103856.36
ORD00743,2025-11-05,Bookshelf,Furniture,5,6570.68,0.0,CUST1006,West,UPI,32853.4
ORD00744,2025-06-19,Desk,Furniture,1,12258.6,0.0,CUST1207,South,Debit Card,12258.6
ORD00745,2025-04-01,Jeans,Fashion,2,1747.61,0.0,CUST1016,North,Credit Card,3495.22
ORD00746,2025-10-28,Keyboard,Electronics,1,1706.91,0.2,CUST1199,North,Net Banking,1365.53
ORD00747,2025-07-06,Headphones,Electronics,1,2580.42,0.2,CUST1096,West,Net Banking,2064.34
ORD00748,2025-02-21,Jeans,Fashion,4,1815.79,0.2,CUST1078,East,Credit Card,5810.53
ORD00749,2025-03-22,Mixer Grinder,Home Appliances,1,3973.33,0.1,CUST1203,West,Debit Card,3576.0
ORD00750,2025-03-31,Wallet,Accessories,2,1162.18,0.05,CUST1178,East,Credit Card,2208.14
ORD00751,2025-12-07,Office Chair,Furniture,4,8521.52,0.15,CUST1097,East,Debit Card,28973.17
ORD00752,2025-03-07,Office Chair,Furniture,5,8606.54,0.1,CUST1187,North,Net Banking,38729.43
ORD00753,2025-07-20,Smartphone,Electronics,1,28699.24,0.1,CUST1047,East,Net Banking,25829.32
ORD00754,2025-04-24,Monitor,Electronics,3,15303.63,0.1,CUST1240,West,Credit Card,41319.8
ORD00755,2025-06-19,Headphones,Electronics,1,2656.58,0.0,CUST1061,East,Debit Card,2656.58
ORD00756,2025-03-27,Headphones,Electronics,1,2404.52,0.0,CUST1211,East,Cash,2404.52
ORD00757,2025-01-06,Running Shoes,Fashion,1,3444.41,0.0,CUST1054,South,UPI,3444.41
ORD00758,2025-06-29,Running Shoes,Fashion,2,3379.36,0.05,CUST1202,North,UPI,6420.78
ORD00759,2025-01-25,Coffee Maker,Home Appliances,1,5341.71,0.05,CUST1113,West,Credit Card,5074.62
ORD00760,2025-07-31,Backpack,Accessories,1,1788.41,0.0,CUST1226,West,Debit Card,1788.41
ORD00761,2025-10-07,Coffee Maker,Home Appliances,2,5193.82,0.0,CUST1026,West,Net Banking,10387.64
ORD00762,2025-11-30,Bookshelf,Furniture,1,6485.47,0.1,CUST1042,West,UPI,5836.92
ORD00763,2025-01-18,T-Shirt,Fashion,1,859.68,0.05,CUST1006,East,Debit Card,816.7
ORD00764,2025-02-23,Headphones,Electronics,4,2648.55,0.1,CUST1088,South,Cash,9534.78
ORD00765,2025-03-24,Headphones,Electronics,5,2360.89,0.1,CUST1141,North,Debit Card,10624.0
ORD00766,2025-11-01,Backpack,Accessories,2,1847.33,0.2,CUST1181,North,Cash,2955.73
ORD00767,2025-12-01,Office Chair,Furniture,1,8602.04,0.0,CUST1156,West,Credit Card,8602.04
ORD00768,2025-01-28,Monitor,Electronics,2,14829.54,0.0,CUST1085,South,Credit Card,29659.08
ORD00769,2025-07-29,Wallet,Accessories,1,1205.42,0.05,CUST1185,East,Debit Card,1145.15
ORD00770,2025-06-02,Bookshelf,Furniture,1,6627.12,0.05,CUST1025,North,Cash,6295.76
ORD00771,2025-10-20,Wallet,Accessories,2,1195.69,0.2,CUST1216,West,Credit Card,1913.1
ORD00772,2025-01-28,Jacket,Fashion,1,3323.77,0.2,CUST1001,West,UPI,2659.02
ORD00773,2025-05-31,Backpack,Accessories,3,1766.09,0.05,CUST1052,North,UPI,5033.36
ORD00774,2025-04-16,Office Chair,Furniture,3,8674.1,0.0,CUST1164,East,UPI,26022.3
ORD00775,2025-08-31,Monitor,Electronics,2,15987.43,0.15,CUST1079,West,Cash,27178.63
ORD00776,2025-09-08,Running Shoes,Fashion,2,3394.07,0.0,CUST1024,West,Credit Card,6788.14
ORD00777,2025-07-09,Coffee Maker,Home Appliances,1,5606.49,0.0,CUST1095,South,Cash,5606.49
ORD00778,2025-01-23,Running Shoes,Fashion,1,3373.99,0.2,CUST1113,West,Debit Card,2699.19
ORD00779,2025-04-26,Running Shoes,Fashion,1,3291.45,0.05,CUST1145,North,Credit Card,3126.88
ORD00780,2025-12-23,Monitor,Electronics,2,14102.13,0.05,CUST1022,East,Net Banking,26794.05
ORD00781,2025-07-31,Bookshelf,Furniture,2,6272.87,0.15,CUST1142,North,Cash,10663.88
ORD00782,2025-09-25,Mixer Grinder,Home Appliances,1,4279.47,0.15,CUST1248,West,Net Banking,3637.55
ORD00783,2025-05-01,Backpack,Accessories,1,1736.32,0.05,CUST1077,North,Cash,1649.5
ORD00784,2025-01-18,Watch,Accessories,1,4313.47,0.2,CUST1147,South,UPI,3450.78
ORD00785,2025-08-18,Office Chair,Furniture,3,8387.56,0.0,CUST1243,South,Credit Card,25162.68
ORD00786,2025-04-09,Keyboard,Electronics,4,1942.78,0.15,CUST1011,West,UPI,6605.45
ORD00787,2025-12-16,Mixer Grinder,Home Appliances,3,4116.15,0.05,CUST1052,South,Net Banking,11731.03
ORD00788,2025-05-13,Jeans,Fashion,2,1697.97,0.1,CUST1234,North,UPI,3056.35
ORD00789,2025-07-18,Wallet,Accessories,4,1230.29,0.0,CUST1102,East,Debit Card,4921.16
ORD00790,2025-09-24,Air Fryer,Home Appliances,1,6211.22,0.15,CUST1235,North,Net Banking,5279.54
ORD00791,2025-10-28,Watch,Accessories,4,4470.32,0.05,CUST1201,West,UPI,16987.22
ORD00792,2025-08-01,Keyboard,Electronics,2,1767.84,0.05,CUST1038,North,UPI,3358.9
ORD00793,2025-10-16,Monitor,Electronics,3,15018.49,0.1,CUST1202,East,Net Banking,40549.92
ORD00794,2025-06-26,Mixer Grinder,Home Appliances,1,3981.49,0.15,CUST1068,West,Cash,3384.27
ORD00795,2025-10-20,Backpack,Accessories,5,1941.97,0.05,CUST1010,South,Debit Card,9224.36
ORD00796,2025-07-26,Keyboard,Electronics,3,1739.79,0.1,CUST1159,West,UPI,4697.43
ORD00797,2025-07-22,Jeans,Fashion,3,1699.09,0.0,CUST1177,South,UPI,5097.27
ORD00798,2025-09-01,Running Shoes,Fashion,5,3668.65,0.0,CUST1230,East,UPI,18343.25
ORD00799,2025-06-22,T-Shirt,Fashion,2,919.15,0.15,CUST1080,East,Cash,1562.55
ORD00800,2025-12-23,Monitor,Electronics,2,14308.43,0.15,CUST1249,South,Credit Card,24324.33
ORD00801,2025-06-03,Air Fryer,Home Appliances,4,6159.71,0.0,CUST1199,East,Debit Card,24638.84
ORD00802,2025-08-02,Headphones,Electronics,1,2453.13,0.1,CUST1049,West,Credit Card,2207.82
ORD00803,2025-07-28,Backpack,Accessories,1,1767.51,0.0,CUST1195,East,UPI,1767.51
ORD00804,2025-09-21,Office Chair,Furniture,1,8554.9,0.05,CUST1017,East,Net Banking,8127.15
ORD00805,2025-07-26,Keyboard,Electronics,1,1749.52,0.05,CUST1200,North,Credit Card,1662.04
ORD00806,2025-04-09,Desk,Furniture,3,12732.01,0.05,CUST1215,North,Credit Card,36286.23
ORD00807,2025-01-17,Air Fryer,Home Appliances,4,6811.62,0.15,CUST1013,East,Credit Card,23159.51
ORD00808,2025-05-21,Jacket,Fashion,2,3247.96,0.0,CUST1211,West,Net Banking,6495.92
ORD00809,2025-07-23,Monitor,Electronics,1,15077.59,0.0,CUST1175,North,Credit Card,15077.59
ORD00810,2025-07-10,Backpack,Accessories,2,1819.73,0.05,CUST1153,West,Credit Card,3457.49
ORD00811,2025-08-31,Wallet,Accessories,1,1237.37,0.15,CUST1090,East,Credit Card,1051.76
ORD00812,2025-05-13,Headphones,Electronics,1,2595.53,0.2,CUST1073,North,Cash,2076.42
ORD00813,2025-01-26,Office Chair,Furniture,1,8293.47,0.2,CUST1219,South,Credit Card,6634.78
ORD00814,2025-11-28,Bookshelf,Furniture,1,6437.91,0.05,CUST1174,South,Debit Card,6116.01
ORD00815,2025-11-30,Mixer Grinder,Home Appliances,1,4343.82,0.15,CUST1132,North,UPI,3692.25
ORD00816,2025-08-31,Keyboard,Electronics,5,1937.41,0.0,CUST1166,South,Net Banking,9687.05
ORD00817,2025-01-05,Bookshelf,Furniture,1,6846.92,0.1,CUST1065,East,Debit Card,6162.23
ORD00818,2025-08-05,Coffee Maker,Home Appliances,2,5826.16,0.2,CUST1219,East,Cash,9321.86
ORD00819,2025-05-10,Desk,Furniture,3,12036.71,0.15,CUST1120,East,Net Banking,30693.61
ORD00820,2025-11-16,Coffee Maker,Home Appliances,2,5799.2,0.05,CUST1150,North,UPI,11018.48
ORD00821,2025-09-19,Jacket,Fashion,3,3433.34,0.0,CUST1144,East,Debit Card,10300.02
ORD00822,2025-12-17,Monitor,Electronics,1,15449.19,0.1,CUST1124,North,Debit Card,13904.27
ORD00823,2025-05-22,Jeans,Fashion,1,1680.97,0.2,CUST1221,East,Debit Card,1344.78
ORD00824,2025-12-02,T-Shirt,Fashion,2,967.02,0.05,CUST1049,South,Net Banking,1837.34
ORD00825,2025-05-04,Smartphone,Electronics,5,30096.45,0.05,CUST1207,West,Debit Card,142958.14
ORD00826,2025-12-15,Keyboard,Electronics,3,1758.19,0.05,CUST1185,North,Cash,5010.84
ORD00827,2025-06-01,Running Shoes,Fashion,2,3485.74,0.2,CUST1233,West,Cash,5577.18
ORD00828,2025-07-18,Smartphone,Electronics,2,28731.47,0.05,CUST1150,South,Debit Card,54589.79
ORD00829,2025-04-24,Wallet,Accessories,2,1227.53,0.2,CUST1164,West,Debit Card,1964.05
ORD00830,2025-09-17,T-Shirt,Fashion,1,857.52,0.1,CUST1217,South,Net Banking,771.77
ORD00831,2025-04-03,T-Shirt,Fashion,1,942.4,0.0,CUST1025,West,Credit Card,942.4
ORD00832,2025-05-13,Wallet,Accessories,1,1126.47,0.0,CUST1196,South,Debit Card,1126.47
ORD00833,2025-12-02,Headphones,Electronics,5,2346.67,0.2,CUST1057,East,Credit Card,9386.68
ORD00834,2025-06-07,Mixer Grinder,Home Appliances,1,4525.72,0.0,CUST1202,East,Debit Card,4525.72
ORD00835,2025-05-14,T-Shirt,Fashion,1,856.2,0.05,CUST1119,North,Cash,813.39
ORD00836,2025-01-28,Headphones,Electronics,1,2438.73,0.2,CUST1121,South,Net Banking,1950.98
ORD00837,2025-03-03,Coffee Maker,Home Appliances,2,5686.03,0.0,CUST1136,East,Cash,11372.06
ORD00838,2025-01-28,Keyboard,Electronics,4,1811.54,0.0,CUST1036,South,Debit Card,7246.16
ORD00839,2025-07-29,Air Fryer,Home Appliances,2,6271.83,0.05,CUST1037,East,Credit Card,11916.48
ORD00840,2025-02-11,Backpack,Accessories,2,1720.91,0.05,CUST1086,South,Debit Card,3269.73
ORD00841,2025-11-21,Smartphone,Electronics,1,29601.67,0.2,CUST1002,West,Debit Card,23681.34
ORD00842,2025-04-18,Office Chair,Furniture,4,8914.92,0.15,CUST1148,South,Cash,30310.73
ORD00843,2025-02-15,Keyboard,Electronics,1,1850.6,0.2,CUST1158,West,Cash,1480.48
ORD00844,2025-07-26,Mixer Grinder,Home Appliances,3,4237.07,0.15,CUST1248,West,Cash,10804.53
ORD00845,2025-01-03,Smartphone,Electronics,2,26782.93,0.15,CUST1137,South,Debit Card,45530.98
ORD00846,2025-01-08,Jeans,Fashion,4,1934.23,0.0,CUST1194,South,UPI,7736.92
ORD00847,2025-12-13,Laptop,Electronics,2,61754.59,0.15,CUST1161,South,Credit Card,104982.8
ORD00848,2025-12-22,Jacket,Fashion,2,3355.36,0.0,CUST1080,South,UPI,6710.72
ORD00849,2025-07-16,Watch,Accessories,5,4644.66,0.2,CUST1151,East,Credit Card,18578.64
ORD00850,2025-02-03,Smartphone,Electronics,2,28639.58,0.1,CUST1077,East,Cash,51551.24
ORD00851,2025-09-24,Watch,Accessories,2,4748.15,0.1,CUST1087,West,Credit Card,8546.67
ORD00852,2025-06-25,Backpack,Accessories,2,1727.69,0.1,CUST1092,South,Credit Card,3109.84
ORD00853,2025-07-26,Laptop,Electronics,1,60865.67,0.05,CUST1059,South,Credit Card,57822.39
ORD00854,2025-04-19,Laptop,Electronics,1,63042.05,0.2,CUST1151,South,UPI,50433.64
ORD00855,2025-07-07,Smartphone,Electronics,5,28137.2,0.2,CUST1097,East,Net Banking,112548.8
ORD00856,2025-11-16,Smartphone,Electronics,3,26666.8,0.05,CUST1153,North,UPI,76000.38
ORD00857,2025-12-01,Laptop,Electronics,5,68880.44,0.05,CUST1013,North,Cash,327182.09
ORD00858,2025-08-16,Coffee Maker,Home Appliances,1,5652.66,0.0,CUST1032,East,Cash,5652.66
ORD00859,2025-12-26,Keyboard,Electronics,2,1839.8,0.15,CUST1053,North,Debit Card,3127.66
ORD00860,2025-08-04,Monitor,Electronics,1,14832.89,0.1,CUST1170,East,Net Banking,13349.6
ORD00861,2025-11-07,Keyboard,Electronics,5,1709.95,0.0,CUST1108,North,Net Banking,8549.75
ORD00862,2025-11-13,Monitor,Electronics,1,15432.06,0.0,CUST1073,North,UPI,15432.06
ORD00863,2025-09-12,Desk,Furniture,5,12615.99,0.1,CUST1156,South,Debit Card,56771.96
ORD00864,2025-09-25,Desk,Furniture,1,11662.86,0.0,CUST1092,West,Debit Card,11662.86
ORD00865,2025-03-24,Smartphone,Electronics,5,27102.85,0.1,CUST1141,West,Credit Card,121962.82
ORD00866,2025-12-19,Backpack,Accessories,4,1896.79,0.0,CUST1085,South,UPI,7587.16
ORD00867,2025-01-07,Headphones,Electronics,3,2469.88,0.0,CUST1233,North,Net Banking,7409.64
ORD00868,2025-12-09,Backpack,Accessories,2,1839.76,0.2,CUST1039,North,Net Banking,2943.62
ORD00869,2025-02-08,Monitor,Electronics,1,15116.42,0.1,CUST1232,East,Credit Card,13604.78
ORD00870,2025-08-22,T-Shirt,Fashion,1,936.55,0.2,CUST1068,West,UPI,749.24
ORD00871,2025-02-21,Office Chair,Furniture,2,8772.29,0.0,CUST1224,North,Debit Card,17544.58
ORD00872,2025-07-04,Jeans,Fashion,1,1875.48,0.1,CUST1110,North,UPI,1687.93
ORD00873,2025-01-24,Laptop,Electronics,1,68270.77,0.0,CUST1219,South,Credit Card,68270.77
ORD00874,2025-06-18,Jacket,Fashion,2,3435.12,0.0,CUST1229,West,Net Banking,6870.24
ORD00875,2025-05-18,Headphones,Electronics,2,2498.23,0.05,CUST1096,East,Credit Card,4746.64
ORD00876,2025-02-28,Coffee Maker,Home Appliances,1,5915.87,0.2,CUST1103,West,Debit Card,4732.7
ORD00877,2025-07-17,Backpack,Accessories,1,1885.64,0.05,CUST1205,West,Credit Card,1791.36
ORD00878,2025-02-27,Keyboard,Electronics,2,1785.28,0.15,CUST1179,North,Credit Card,3034.98
ORD00879,2025-02-23,Mixer Grinder,Home Appliances,5,4429.24,0.0,CUST1234,West,Net Banking,22146.2
ORD00880,2025-12-14,Air Fryer,Home Appliances,5,6065.42,0.05,CUST1047,West,Debit Card,28810.74
ORD00881,2025-11-10,Laptop,Electronics,5,69214.28,0.0,CUST1221,South,Cash,346071.4
ORD00882,2025-09-07,Monitor,Electronics,4,16145.98,0.0,CUST1228,West,Cash,64583.92
ORD00883,2025-01-24,Headphones,Electronics,2,2328.91,0.15,CUST1067,East,UPI,3959.15
ORD00884,2025-12-27,Watch,Accessories,1,4360.98,0.0,CUST1197,South,Debit Card,4360.98
ORD00885,2025-09-23,Watch,Accessories,4,4832.88,0.15,CUST1177,North,Cash,16431.79
ORD00886,2025-12-05,Bookshelf,Furniture,1,6918.42,0.1,CUST1124,East,Cash,6226.58
ORD00887,2025-03-18,Wallet,Accessories,1,1138.54,0.0,CUST1229,North,UPI,1138.54
ORD00888,2025-11-26,Office Chair,Furniture,2,8672.4,0.2,CUST1130,West,Cash,13875.84
ORD00889,2025-03-26,Headphones,Electronics,5,2520.29,0.05,CUST1193,West,Debit Card,11971.38
ORD00890,2025-05-04,Jeans,Fashion,1,1716.29,0.2,CUST1249,East,UPI,1373.03
ORD00891,2025-09-17,Bookshelf,Furniture,1,6153.04,0.2,CUST1141,West,Cash,4922.43
ORD00892,2025-05-01,Headphones,Electronics,5,2360.63,0.05,CUST1118,West,Net Banking,11212.99
ORD00893,2025-08-18,Headphones,Electronics,1,2531.28,0.0,CUST1220,West,Cash,2531.28
ORD00894,2025-06-11,Monitor,Electronics,2,14318.29,0.15,CUST1128,North,UPI,24341.09
ORD00895,2025-07-26,Mixer Grinder,Home Appliances,2,4490.84,0.05,CUST1010,North,UPI,8532.6
ORD00896,2025-11-06,T-Shirt,Fashion,5,956.73,0.1,CUST1228,South,Cash,4305.28
ORD00897,2025-06-24,Jacket,Fashion,5,3113.24,0.15,CUST1212,North,Credit Card,13231.27
ORD00898,2025-08-21,Jeans,Fashion,1,1906.57,0.05,CUST1144,West,Debit Card,1811.24
ORD00899,2025-08-20,Monitor,Electronics,1,16017.58,0.1,CUST1025,South,UPI,14415.82
ORD00900,2025-06-24,Jacket,Fashion,2,3338.42,0.15,CUST1213,East,Net Banking,5675.31
ORD00901,2025-09-25,Jacket,Fashion,5,3380.16,0.15,CUST1180,North,UPI,14365.68
ORD00902,2025-03-26,Backpack,Accessories,2,1883.64,0.05,CUST1036,West,UPI,3578.92
ORD00903,2025-05-11,Desk,Furniture,3,11736.11,0.05,CUST1049,North,Cash,33447.91
ORD00904,2025-04-21,Air Fryer,Home Appliances,2,6307.6,0.1,CUST1212,South,Debit Card,11353.68
ORD00905,2025-02-25,Mixer Grinder,Home Appliances,1,4364.61,0.1,CUST1012,North,Cash,3928.15
ORD00906,2025-08-23,Watch,Accessories,2,4647.58,0.05,CUST1035,West,UPI,8830.4
ORD00907,2025-09-29,Smartphone,Electronics,4,30093.54,0.05,CUST1142,West,Net Banking,114355.45
ORD00908,2025-09-05,Watch,Accessories,2,4286.71,0.1,CUST1200,South,Net Banking,7716.08
ORD00909,2025-03-30,Keyboard,Electronics,2,1785.62,0.1,CUST1027,West,Net Banking,3214.12
ORD00910,2025-11-07,Jeans,Fashion,1,1874.72,0.2,CUST1130,West,Cash,1499.78
ORD00911,2025-11-08,Bookshelf,Furniture,4,6148.28,0.1,CUST1071,West,Debit Card,22133.81
ORD00912,2025-05-31,Air Fryer,Home Appliances,2,6136.41,0.2,CUST1207,South,Credit Card,9818.26
ORD00913,2025-07-31,Watch,Accessories,2,4777.07,0.2,CUST1077,East,Net Banking,7643.31
ORD00914,2025-11-20,Desk,Furniture,1,11449.53,0.0,CUST1052,South,Net Banking,11449.53
ORD00915,2025-05-29,Jacket,Fashion,1,3332.02,0.0,CUST1236,South,Credit Card,3332.02
ORD00916,2025-09-15,Wallet,Accessories,1,1166.02,0.0,CUST1178,East,UPI,1166.02
ORD00917,2025-06-30,Wallet,Accessories,1,1234.36,0.0,CUST1123,West,Net Banking,1234.36
ORD00918,2025-05-27,Mixer Grinder,Home Appliances,3,4373.68,0.2,CUST1207,North,Net Banking,10496.83
ORD00919,2025-02-24,Laptop,Electronics,1,66446.04,0.0,CUST1098,South,UPI,66446.04
ORD00920,2025-12-10,Smartphone,Electronics,1,27616.09,0.05,CUST1052,East,Credit Card,26235.29
ORD00921,2025-05-27,Running Shoes,Fashion,1,3530.18,0.0,CUST1038,North,Debit Card,3530.18
ORD00922,2025-04-15,Wallet,Accessories,2,1267.19,0.0,CUST1009,East,Cash,2534.38
ORD00923,2025-02-22,Wallet,Accessories,1,1117.99,0.0,CUST1222,South,Net Banking,1117.99
ORD00924,2025-07-19,Bookshelf,Furniture,2,6784.71,0.05,CUST1131,East,UPI,12890.95
ORD00925,2025-07-15,Coffee Maker,Home Appliances,4,5738.92,0.2,CUST1107,East,Net Banking,18364.54
ORD00926,2025-01-28,Laptop,Electronics,1,65035.61,0.1,CUST1191,East,Credit Card,58532.05
ORD00927,2025-11-14,Air Fryer,Home Appliances,4,6166.6,0.1,CUST1213,South,Debit Card,22199.76
ORD00928,2025-10-29,Wallet,Accessories,1,1231.81,0.15,CUST1190,South,Credit Card,1047.04
ORD00929,2025-05-31,Air Fryer,Home Appliances,2,6623.22,0.15,CUST1046,North,Credit Card,11259.47
ORD00930,2025-03-30,Watch,Accessories,5,4463.52,0.2,CUST1031,West,UPI,17854.08
ORD00931,2025-08-08,Running Shoes,Fashion,3,3256.69,0.15,CUST1143,East,Credit Card,8304.56
ORD00932,2025-03-24,Running Shoes,Fashion,1,3441.63,0.1,CUST1002,East,Cash,3097.47
ORD00933,2025-12-30,Keyboard,Electronics,4,1699.11,0.2,CUST1011,South,Debit Card,5437.15
ORD00934,2025-11-02,Smartphone,Electronics,3,28060.09,0.05,CUST1199,East,Cash,79971.26
ORD00935,2025-10-21,Wallet,Accessories,5,1127.67,0.0,CUST1092,North,Debit Card,5638.35
ORD00936,2025-09-27,Bookshelf,Furniture,2,6592.45,0.15,CUST1245,South,Net Banking,11207.16
ORD00937,2025-02-04,Watch,Accessories,3,4513.45,0.0,CUST1041,West,Net Banking,13540.35
ORD00938,2025-10-02,Coffee Maker,Home Appliances,2,5611.77,0.05,CUST1024,East,Credit Card,10662.36
ORD00939,2025-04-20,Jeans,Fashion,4,1760.97,0.15,CUST1085,East,Debit Card,5987.3
ORD00940,2025-04-22,Watch,Accessories,5,4285.57,0.1,CUST1122,North,UPI,19285.06
ORD00941,2025-12-09,Jacket,Fashion,1,3334.04,0.15,CUST1115,South,Net Banking,2833.93
ORD00942,2025-11-15,Bookshelf,Furniture,2,6249.6,0.05,CUST1246,North,Debit Card,11874.24
ORD00943,2025-07-15,Monitor,Electronics,2,14940.45,0.15,CUST1099,East,Net Banking,25398.76
ORD00944,2025-05-25,Laptop,Electronics,4,63649.88,0.0,CUST1234,East,Net Banking,254599.52
ORD00945,2025-09-18,Air Fryer,Home Appliances,2,6131.39,0.0,CUST1125,North,Debit Card,12262.78
ORD00946,2025-11-30,Desk,Furniture,1,12236.81,0.2,CUST1083,North,UPI,9789.45
ORD00947,2025-03-27,Wallet,Accessories,2,1295.7,0.15,CUST1137,North,UPI,2202.69
ORD00948,2025-04-18,Desk,Furniture,1,12316.62,0.15,CUST1222,West,UPI,10469.13
ORD00949,2025-04-16,Wallet,Accessories,5,1230.51,0.2,CUST1213,West,UPI,4922.04
ORD00950,2025-12-18,Keyboard,Electronics,3,1705.95,0.2,CUST1007,West,Debit Card,4094.28
ORD00951,2025-01-20,Headphones,Electronics,1,2639.93,0.2,CUST1019,North,Credit Card,2111.94
ORD00952,2025-05-09,Wallet,Accessories,5,1218.94,0.1,CUST1019,South,Debit Card,5485.23
ORD00953,2025-07-28,Coffee Maker,Home Appliances,2,5267.19,0.0,CUST1116,West,Cash,10534.38
ORD00954,2025-06-11,Laptop,Electronics,2,63711.49,0.05,CUST1100,North,Net Banking,121051.83
ORD00955,2025-01-04,Headphones,Electronics,3,2334.07,0.15,CUST1194,North,UPI,5951.88
ORD00956,2025-07-03,Watch,Accessories,1,4369.32,0.05,CUST1028,East,Debit Card,4150.85
ORD00957,2025-11-07,Headphones,Electronics,2,2437.02,0.05,CUST1073,West,Cash,4630.34
ORD00958,2025-07-22,Laptop,Electronics,3,62978.14,0.0,CUST1122,South,Net Banking,188934.42
ORD00959,2025-04-23,Keyboard,Electronics,2,1909.64,0.1,CUST1192,West,Net Banking,3437.35
ORD00960,2025-06-01,Keyboard,Electronics,2,1803.84,0.0,CUST1077,East,UPI,3607.68
ORD00961,2025-10-11,Wallet,Accessories,2,1284.72,0.15,CUST1037,North,UPI,2184.02
ORD00962,2025-01-03,Coffee Maker,Home Appliances,3,5635.72,0.2,CUST1138,North,Debit Card,13525.73
ORD00963,2025-04-18,Jacket,Fashion,1,3409.88,0.0,CUST1055,West,Net Banking,3409.88
ORD00964,2025-03-14,Office Chair,Furniture,2,8899.77,0.15,CUST1048,South,Net Banking,15129.61
ORD00965,2025-05-10,Desk,Furniture,3,11263.1,0.05,CUST1030,South,Net Banking,32099.84
ORD00966,2025-01-28,Wallet,Accessories,1,1139.64,0.2,CUST1119,North,Debit Card,911.71
ORD00967,2025-12-10,Headphones,Electronics,1,2670.98,0.05,CUST1065,North,Credit Card,2537.43
ORD00968,2025-10-25,Backpack,Accessories,5,1677.62,0.05,CUST1244,East,Debit Card,7968.69
ORD00969,2025-03-07,Bookshelf,Furniture,3,6088.48,0.05,CUST1026,East,Net Banking,17352.17
ORD00970,2025-02-05,Desk,Furniture,4,11656.3,0.05,CUST1082,West,Cash,44293.94
ORD00971,2025-06-18,T-Shirt,Fashion,1,943.26,0.15,CUST1178,South,Net Banking,801.77
ORD00972,2025-10-18,Jacket,Fashion,1,3181.87,0.1,CUST1207,East,Cash,2863.68
ORD00973,2025-03-28,Laptop,Electronics,1,63064.36,0.1,CUST1081,South,Credit Card,56757.92
ORD00974,2025-12-31,Mixer Grinder,Home Appliances,1,4443.45,0.05,CUST1071,East,Credit Card,4221.28
ORD00975,2025-12-14,Jeans,Fashion,1,1841.32,0.0,CUST1225,West,Cash,1841.32
ORD00976,2025-08-17,Jacket,Fashion,1,3142.04,0.0,CUST1199,East,Cash,3142.04
ORD00977,2025-10-10,Monitor,Electronics,3,15686.68,0.2,CUST1045,North,Debit Card,37648.03
ORD00978,2025-03-13,Wallet,Accessories,5,1158.62,0.05,CUST1051,East,UPI,5503.44
ORD00979,2025-02-08,Laptop,Electronics,4,69843.1,0.2,CUST1218,North,Net Banking,223497.92
ORD00980,2025-10-24,Coffee Maker,Home Appliances,1,5439.59,0.05,CUST1197,South,UPI,5167.61
ORD00981,2025-10-10,Running Shoes,Fashion,3,3668.55,0.0,CUST1140,West,Credit Card,11005.65
ORD00982,2025-07-07,Coffee Maker,Home Appliances,2,5522.95,0.0,CUST1058,East,Credit Card,11045.9
ORD00983,2025-08-26,Watch,Accessories,4,4282.85,0.0,CUST1131,North,Cash,17131.4
ORD00984,2025-07-06,Watch,Accessories,1,4314.05,0.05,CUST1003,South,Net Banking,4098.35
ORD00985,2025-12-17,Office Chair,Furniture,2,8298.59,0.05,CUST1194,South,Cash,15767.32
ORD00986,2025-03-23,Office Chair,Furniture,1,8350.62,0.0,CUST1145,South,Cash,8350.62
ORD00987,2025-07-03,Smartphone,Electronics,2,26675.24,0.2,CUST1057,West,Credit Card,42680.38
ORD00988,2025-02-02,Running Shoes,Fashion,4,3386.76,0.15,CUST1095,South,UPI,11514.98
ORD00989,2025-12-09,Desk,Furniture,1,12170.2,0.1,CUST1133,East,Cash,10953.18
ORD00990,2025-08-29,Air Fryer,Home Appliances,2,6266.72,0.0,CUST1226,North,UPI,12533.44
ORD00991,2025-11-29,Jeans,Fashion,4,1820.49,0.15,CUST1027,East,Debit Card,6189.67
ORD00992,2025-10-24,Wallet,Accessories,1,1214.79,0.15,CUST1146,South,Cash,1032.57
ORD00993,2025-12-01,Coffee Maker,Home Appliances,1,5301.57,0.0,CUST1094,North,Net Banking,5301.57
ORD00994,2025-05-09,Coffee Maker,Home Appliances,2,5468.62,0.0,CUST1250,South,Net Banking,10937.24
ORD00995,2025-07-27,Jacket,Fashion,1,3294.81,0.0,CUST1210,East,Cash,3294.81
ORD00996,2025-09-04,Laptop,Electronics,5,61401.23,0.05,CUST1129,South,Cash,291655.84
ORD00997,2025-03-26,Bookshelf,Furniture,3,6679.7,0.05,CUST1020,East,Credit Card,19037.14
ORD00998,2025-03-18,Office Chair,Furniture,5,7984.4,0.15,CUST1041,East,Net Banking,33933.7
ORD00999,2025-03-02,Bookshelf,Furniture,1,6831.24,0.05,CUST1107,East,UPI,6489.68
ORD01000,2025-09-04,Backpack,Accessories,4,1688.03,0.0,CUST1123,South,Net Banking,6752.12
